image,date,year,month,veg_px,con_px,veg_shape,con_shape,R,G,B,sdR,redfrac,RminusB,z_R,z_G,z_B,z_RminusB,z_redfrac
63,2018-12-14,2018,12,247,539611,"(818, 1395)","(2141, 3647)",189.82454079978774,187.29818111889833,187.58924114416786,49.0670256599879,0.004243503155480287,2.235299655619883,-0.16078039114928877,0.4098405051324052,1.0414292844521158,-1.5801192310049943,-0.9700838259978143
62,2019-01-31,2019,1,2024,195630,"(818, 1395)","(2141, 3647)",197.47775643091444,183.16872391009497,181.99759672935687,36.63662893903618,0.013081873141527194,15.480159701557568,0.587626031926131,0.07054905085938587,0.6794189322314583,-0.3997313324874575,-0.4869005542813866
61,2019-02-24,2019,2,5031,196619,"(818, 1395)","(2141, 3647)",190.72575548629024,169.30815751940779,163.07731709371038,37.72539692310623,0.030571589027473155,27.648438392579862,-0.07265078753467386,-1.0682862705766645,-0.5455046478287103,0.6847111503213267,0.4692416027569915
60,2019-03-19,2019,3,1177,161680,"(818, 1395)","(2141, 3647)",198.38025125332334,181.3397771317568,178.7992330735868,35.18144089275549,0.012649884402085245,19.58101817973653,0.6758808197745289,-0.07972397071047244,0.4723526977462653,-0.034260976108709124,-0.51051686959719
59,2019-04-21,2019,4,10070,168879,"(818, 1395)","(2141, 3647)",178.93295184131995,159.18530248122124,142.60286913935283,36.360968698932915,0.06658282999334048,36.330082701967115,-1.2258666930250648,-1.9000174240026513,-1.8710471118394587,1.458423205148015,2.437933709551091
58,2019-05-26,2019,5,2322,137880,"(818, 1395)","(2141, 3647)",184.55772046709367,175.3039363813902,159.17241398709305,32.06289052792534,0.017117660138177865,25.385306480000622,-0.6758216961585092,-0.5756509369922417,-0.7983131678536487,0.48301981397710336,-0.2662688350762864
57,2019-06-25,2019,6,8946,180348,"(818, 1395)","(2141, 3647)",174.7033597128312,161.1777442561269,139.08137891095998,35.91542903453659,0.05354573381928983,35.62198080187122,-1.6394776597768534,-1.736311049731259,-2.0990329820685103,1.3953168445755733,1.7252110250510984
56,2019-07-30,2019,7,1016,138876,"(818, 1395)","(2141, 3647)",193.9615525234434,185.27535198970176,181.03802044033552,29.945894344108904,0.010652300510109788,12.923532083107887,0.2437771563644216,0.24363739361261935,0.6172947117693897,-0.6275791384564835,-0.6197224269540886
55,2019-08-29,2019,8,1581,133150,"(818, 1395)","(2141, 3647)",193.75740557456476,184.20351914766982,178.1081051893087,29.91408035952932,0.014447438336814238,15.649300385256055,0.22381366713897372,0.15557164905536247,0.4276081771264771,-0.3846574385020008,-0.4122467142811911
54,2019-09-28,2019,9,9281,1607094,"(818, 1395)","(2141, 3647)",154.45256781859678,157.18327241296075,162.5786690878736,48.67833994308783,0.040978425226981426,-8.12610126927683,-3.619798541416179,-2.0645116078654393,-0.5777877700796448,-2.503531952696054,1.0381710740320893
53,2019-10-10,2019,10,402,123486,"(818, 1395)","(2141, 3647)",204.36397858006785,195.5654967677407,189.55620480954178,30.07227043962521,0.006753158625258657,14.807773770526069,1.2610283160836353,1.0891136898623346,1.1687730775268619,-0.45965466979493297,-0.8328839189241227
52,2019-11-22,2019,11,1125,182401,"(818, 1395)","(2141, 3647)",180.36337747466237,173.57234994649198,166.95369674143504,32.2608780034794,0.015483172764616932,13.409680733227333,-1.085985656958191,-0.7179244731953931,-0.2945427737337125,-0.5842533515858527,-0.3556243336561318
51,2019-12-29,2019,12,1479,157148,"(818, 1395)","(2141, 3647)",185.10957875050144,177.0280280029984,169.28157892472703,35.19655211930653,0.017465308137302665,15.827999825774413,-0.6218555852011801,-0.4339932023271835,-0.14383264508719829,-0.3687316637993515,-0.24726332864376818
50,2020-01-28,2020,1,1258,219009,"(818, 1395)","(2141, 3647)",187.99864402962174,180.79992688051647,177.31545210822006,36.76017802748524,0.01652435668190573,10.683191921401686,-0.3393344704446763,-0.12408006100788532,0.37629078285268736,-0.827239263687622,-0.29870403586272165
49,2020-02-27,2020,2,1162,112590,"(818, 1395)","(2141, 3647)",185.8389072459116,176.5975588609846,165.63938598917827,31.268072478347634,0.016064567971032378,20.199521256733334,-0.5505346977722528,-0.46936213674843325,-0.37963296600194796,0.020860296955010845,-0.3238401428562953
48,2020-03-21,2020,3,3075,113812,"(818, 1395)","(2141, 3647)",171.3870703930799,166.93497330235675,154.8320610417845,29.688029307315254,0.022859746843683502,16.55500935129541,-1.9637769278627957,-1.263275849968469,-1.0793132783633994,-0.3039402471248382,0.047644278453207865
47,2020-04-27,2020,4,610,102350,"(818, 1395)","(2141, 3647)",195.86096257970462,191.05046989126183,180.21513997875255,33.25408629764428,0.009355073842345683,15.645822600952073,0.4295200851770341,0.7181424077925035,0.5640203574588576,-0.3849673802070725,-0.6906402801869339
46,2020-05-30,2020,5,2969,71693,"(818, 1395)","(2141, 3647)",183.57503343271048,176.71229305023866,158.39657206968272,32.65358717126647,0.023410868758675683,25.178461363027765,-0.7719184643475747,-0.45993515204839724,-0.8485421854652342,0.46458568389982174,0.07777346408595918
45,2020-06-19,2020,6,5183,144165,"(818, 1395)","(2141, 3647)",186.88955705276194,175.69656344019438,140.89858938030463,37.46582987540571,0.037587179366372084,45.990967672457316,-0.4477918636814816,-0.543391247877504,-1.9813844062177233,2.319405629166468,0.8527756591862689
44,2020-07-31,2020,7,163,83626,"(818, 1395)","(2141, 3647)",206.34435811548667,202.57733709884246,192.88234955443158,28.847256292098752,0.0029984776502185134,13.462008561055086,1.4546892340390285,1.6652323860430198,1.3841120263779483,-0.5795898719787175,-1.0381479031921936
43,2020-08-28,2020,8,588,89937,"(818, 1395)","(2141, 3647)",198.02353013036327,193.6221012145139,184.0772457851503,31.661519396781483,0.009572207823518775,13.946284345212973,0.6409971326372977,0.9294371342907314,0.8140581244499399,-0.5364309957669311,-0.6787698213138998
42,2020-09-27,2020,9,124,91988,"(818, 1395)","(2141, 3647)",201.65392047996818,198.8039035704407,196.07360611538482,29.084179293185194,0.0030006043515992827,5.580314364583359,0.9960122774954777,1.3551931521396827,1.5907181382753937,-1.2820100120982487,-1.0380316389338806
41,2020-10-22,2020,10,2325,83102,"(818, 1395)","(2141, 3647)",201.16888182792437,191.54464549988853,174.7523731376557,32.05320567700041,0.021088439028451866,26.41650869026867,0.9485804449004263,0.7587457007772966,0.21035370744680618,0.5749210198564567,-0.049191032439145736
40,2020-11-23,2020,11,1606,142017,"(818, 1395)","(2141, 3647)",187.31472570219898,182.90907828268868,175.878052858729,34.61123603849508,0.017265293386469482,11.436672843469978,-0.40621470664505593,0.049215607245899975,0.283231680737455,-0.7600887042186275,-0.25819789936797344
39,2020-12-26,2020,12,2598,419240,"(818, 1395)","(2141, 3647)",181.72783575010894,173.9212738555709,170.38256926740485,40.739224673406795,0.027297597623963325,11.34526648270409,-0.9525555556019216,-0.6892555962568875,-0.07255309435456964,-0.768234880299112,0.2902563509043607
38,2021-01-30,2021,1,4296,150317,"(818, 1395)","(2141, 3647)",182.6666614148627,168.24578789744027,160.93289850176714,33.05362460343691,0.028311140010868565,21.733762913095546,-0.8607479819603153,-1.1555744820259581,-0.6843371042920813,0.15759260505719472,0.34566551880537416
37,2021-02-19,2021,2,10341,263473,"(818, 1395)","(2141, 3647)",176.66877599504798,157.85429029424623,148.48826584703582,36.56699296926279,0.05760028022177093,28.18051014801216,-1.4472799953538662,-2.0093783006842454,-1.490018853056906,0.7321296250411027,1.9468682988662587
36,2021-03-26,2021,3,478,74989,"(818, 1395)","(2141, 3647)",191.74318137283953,178.65759714371296,166.46908251869672,26.660996934502865,0.007731772989891191,25.274098854142807,0.026843086047010734,-0.3001017837618621,-0.32591733056353334,0.47310894022455713,-0.779384224840448
35,2021-04-05,2021,4,4881,85532,"(818, 1395)","(2141, 3647)",182.40082722731304,168.758010701937,150.2287443451889,34.71655327202461,0.03392832814678358,32.17208288212416,-0.8867438538949859,-1.113488364780573,-1.3773380050974118,1.0878603866389536,0.6527505747198589
34,2021-05-27,2021,5,206,117523,"(818, 1395)","(2141, 3647)",202.47013774285878,197.01337128463857,185.1575300849187,31.081484022655992,0.004945189135625687,17.312607657940077,1.075830000086215,1.208076407140491,0.8839971389591139,-0.23642274448614325,-0.9317234803526956
33,2021-06-26,2021,6,274,141625,"(818, 1395)","(2141, 3647)",205.19199442280117,200.0155071360809,182.30929595143567,28.71407442188078,0.003436954172236991,22.8826984713655,1.3419998194330836,1.4547429755189085,0.6995987463971747,0.25998625998858826,-1.014176908448344
32,2021-07-24,2021,7,2640,85061,"(818, 1395)","(2141, 3647)",185.37890304734714,178.93407527698093,155.48055383573274,35.11467131025776,0.02433551547317224,29.898349211614402,-0.5955184161777698,-0.27738531930469357,-1.037329009097648,0.8852242168483375,0.1283228103339225
31,2021-08-30,2021,8,857,149580,"(820, 1395)","(2141, 3640)",202.31100320812436,194.65209013836386,180.0826620955572,32.86396551256138,0.011180399784973628,22.228341112567165,1.06026826582069,1.014064828001457,0.5554435665187963,0.2016696371664125,-0.5908518619265306
30,2021-09-29,2021,9,293,146471,"(818, 1395)","(2141, 3647)",204.66259427093885,199.53534492840348,187.6552899708647,31.05276757723515,0.005383622942470943,17.007304300074168,1.2902298846595963,1.4152910753072991,1.0457053716355116,-0.2636315173800644,-0.9077548207970291
29,2021-10-22,2021,10,1015,78862,"(818, 1395)","(2141, 3647)",199.07083560303602,193.25457565370783,178.9776618426283,32.0387649425804,0.011771224675806151,20.093173760407723,0.7434129249589536,0.8992398769508183,0.4839044089666561,0.011382560137482806,-0.5585521613918574
28,2021-11-28,2021,11,1242,197691,"(818, 1395)","(2141, 3647)",189.53447983707156,185.43008242639354,183.48586349932648,33.0302326329905,0.012734129444717655,6.048616337745074,-0.18914539457312046,0.2563506177074311,0.7757712639655591,-1.2402747291239666,-0.5059112923935563
27,2021-12-23,2021,12,2216,180287,"(818, 1395)","(2141, 3647)",191.58225249216537,185.41884616053383,179.64624800874213,34.99409491889978,0.017324578709357275,11.936004483423233,0.011105883051575156,0.2554274046091064,0.5271895493528428,-0.7155880433506773,-0.25495684062943785
26,2022-01-25,2022,1,2451,158917,"(818, 1395)","(2141, 3647)",183.0566226184397,177.7365115393682,170.13375937092064,35.36233143627977,0.019050066128723064,12.922863247519047,-0.8226137539999456,-0.37578157856439515,-0.0886613715589735,-0.6276387453856943,-0.16062647678283506
25,2022-02-21,2022,2,4064,134562,"(818, 1395)","(2141, 3647)",190.7799166883666,178.29118950319642,163.2525719463755,37.08076133198875,0.03156420399929163,27.5273447419911,-0.06735437443603173,-0.33020718864233267,-0.5341584200940513,0.6739192295878097,0.5235066935367535
24,2022-03-26,2022,3,3755,90472,"(817, 1395)","(2141, 3653)",188.42721566918092,174.90489257113782,160.4836069419078,33.61568166222988,0.028222711723282317,27.94360872727313,-0.29742453568607147,-0.6084378501028901,-0.7134248258581438,0.7110168636217981,0.34083124852978514
23,2022-04-17,2022,4,166,101117,"(818, 1395)","(2141, 3647)",202.4824162952119,197.57336358360547,193.85804768822464,28.217186656662815,0.0037252254488823254,8.624368606987247,1.0770307172605438,1.254087442463274,1.447279996097175,-1.0107225256542849,-0.99841745746233
22,2022-05-20,2022,5,1063,56827,"(818, 1395)","(2141, 3647)",203.84804273667373,197.74700063894886,174.39721338962372,26.326645664765273,0.009639176141906684,29.450829347050018,1.210575053337379,1.2683541041682433,0.18736020214823954,0.8453410447615155,-0.6751087422652631
21,2022-06-21,2022,6,521,284162,"(818, 1395)","(2141, 3647)",213.19832652598595,205.8767121195435,187.61008864690942,27.182649369030578,0.006639608767102439,25.58823787907653,2.124937431556301,1.936321222265668,1.0427789789696003,0.5011051517509746,-0.8390915558587015
20,2022-07-19,2022,7,1376,127828,"(818, 1395)","(2141, 3647)",204.99835358336557,199.3443650386774,172.9386234618386,29.91082304374261,0.012510357031470652,32.05973012152697,1.3230637205449374,1.3995994622827304,0.09292918788267296,1.0778474579621695,-0.5181446665251281
19,2022-08-05,2022,8,2996,86517,"(818, 1395)","(2141, 3647)",187.54760494258704,175.82354290934552,162.9912173007702,32.13391140207858,0.02352033874134302,24.556387641816855,-0.383441492390058,-0.5329581457595648,-0.5510788607178283,0.4091461934139753,0.083758059035418
18,2022-09-27,2022,9,2365,92225,"(818, 1395)","(2141, 3647)",206.14844171192016,199.07295042349537,187.7860349256945,31.907125098875728,0.016277306988947655,18.362406786225648,1.4355306081904806,1.3772990351709669,1.0541699705330467,-0.14286417288895895,-0.31220995144539937
17,2022-10-22,2022,10,2138,114393,"(818, 1395)","(2141, 3647)",203.5309862450824,198.25771912370666,193.19433264187538,32.016286237507025,0.01517616326539385,10.336653603207026,1.179570162554003,1.3103166209484576,1.4043102183576208,-0.8581229148361335,-0.37240818118874436
16,2022-11-21,2022,11,2974,193602,"(818, 1395)","(2141, 3647)",187.0250832827676,181.5589639315628,175.96784180091703,32.84729975822459,0.020493387609453045,11.057241481850582,-0.43453878080493064,-0.0617147737862159,0.28904473396038693,-0.7939037982264298,-0.0817217922879932
15,2022-12-21,2022,12,3273,295660,"(818, 1395)","(2141, 3647)",184.38397706131974,177.89629930211362,175.10780846931974,35.598916517911746,0.022713512329755336,9.276168592000005,-0.6928120289957753,-0.3626528258844182,0.2333650543891376,-0.9526338171368289,0.03964980990423104
14,2023-01-20,2023,1,5067,414840,"(818, 1395)","(2141, 3647)",182.72898363359207,171.05838922107029,169.2384792266661,41.03723937266772,0.03044449197442404,13.490504406925965,-0.854653504678416,-0.9244807703995858,-0.14662297575170063,-0.5770503093478294,0.46229335664207005
13,2023-02-24,2023,2,5430,106508,"(818, 1395)","(2141, 3647)",194.16190546919955,171.28909621316822,157.5830061610926,36.35816126189293,0.035020462438368066,36.57889930810694,0.26336963078473397,-0.9055250319327992,-0.9012135034666632,1.4805978532620006,0.7124562694344471
12,2023-03-01,2023,3,3451,194364,"(818, 1395)","(2141, 3647)",188.74060595512236,168.91511540727254,163.759941626948,35.70777993609564,0.026350613184812296,24.980664328174356,-0.26677816241859237,-1.1005800620058659,-0.5013106452456314,0.44695792298020187,0.23848582757303377
11,2023-04-02,2023,4,3005,194997,"(818, 1395)","(2141, 3647)",197.32036788232946,182.666983397273,177.8024806966994,39.79468464728731,0.024198865813058797,19.51788718563006,0.5722350372963126,0.029324197408878223,0.4078216488694775,-0.03988723876503052,0.12085233444789523
10,2023-05-17,2023,5,796,185819,"(818, 1395)","(2141, 3647)",199.39881660216938,191.13800182106806,176.97611727699933,33.81650093599467,0.01030447514409154,22.422699325170043,0.7754861211458959,0.7253343543989406,0.3543218033078562,0.21899092869672965,-0.6387376298256567
9,2023-06-29,2023,6,8030,608122,"(818, 1395)","(2141, 3647)",181.42323298868257,167.1647002858027,127.03219634276417,43.481909660909494,0.06295015004099895,54.391036645918405,-0.9823425986078484,-1.2444006326316814,-2.879112776472071,3.068023563111887,2.2393393774240065
8,2023-07-25,2023,7,21516,164208,"(818, 1395)","(2141, 3647)",186.50662343755783,162.2255101274339,133.66696712584667,42.062437043651855,0.11413448160993866,52.83965631171117,-0.48523886518300013,-1.6502227363675763,-2.44956906268994,2.9297638483134687,5.0375264670278685
7,2023-08-18,2023,8,1526,140169,"(818, 1395)","(2141, 3647)",200.34701501344745,192.61680181039327,185.16086177627884,35.20105201128253,0.01708001103686579,15.186153237168611,0.8682102537920767,0.846838022698841,0.8842128370030699,-0.4259333211416972,-0.26832706707810006
6,2023-09-27,2023,9,1045,193465,"(818, 1395)","(2141, 3647)",198.0046709345,193.29136924460644,193.0891723613701,32.69934020618071,0.012209105838884073,4.915498573129923,0.6391528956526904,0.9022629742569976,1.3975020046442261,-1.3412586951536563,-0.5346137142196977
5,2023-10-27,2023,10,1131,135929,"(818, 1395)","(2141, 3647)",197.21095474706513,190.99441298534163,187.74704818046595,32.428318562500564,0.012461787753188514,9.463906566599178,0.5615355487221756,0.7135365653851372,1.05164591779916,-0.9359025242020256,-0.5207998917332058
4,2023-11-11,2023,11,2179,180593,"(818, 1395)","(2141, 3647)",190.04315071153243,184.59889308188315,180.69089172689152,33.95004757967252,0.017371348615826433,9.352258984640912,-0.13940257168314726,0.18805703159786794,0.5948211461243876,-0.9458526070405907,-0.2523999849579378
3,2023-12-16,2023,12,4419,176180,"(818, 1395)","(2141, 3647)",183.49816638332663,174.252979643909,164.55762447433676,36.05824379218276,0.025747308762968556,18.94054190898987,-0.7794352777047935,-0.6620014237046006,-0.44966761734158645,-0.09134051010566324,0.20550388578425985
2,2024-01-30,2024,1,5092,123703,"(818, 1395)","(2141, 3647)",189.30323794791215,179.96330419583734,165.30031688617962,39.05089937584729,0.0359047396975431,24.002921061732536,-0.21175849257954837,-0.19282007041092164,-0.4015847419551105,0.35982100227571245,0.760798665132653
1,2024-02-14,2024,2,2858,153959,"(818, 1395)","(2141, 3647)",190.33647516934602,182.72665972607186,174.28347588593988,37.580413054532286,0.02226876326712727,16.052999283406137,-0.11071843172765487,0.0342274249664079,0.17999668781957032,-0.3486796106979709,0.015335902757019721
