image,date,cls,fd_full,r2_full,fd_fine_1_8,fd_mid_8_64,fd_coarse_32_256,counts
63,2018-12-14,vegetation,0.4796808509520188,0.9676417036502979,0.6817106225949884,0.27574144301925035,0.5795859283219785,"[247, 139, 86, 60, 45, 40, 33, 22, 12]"
63,2018-12-14,contamination,1.5683061775808045,0.996657834509953,1.4393940786200257,1.5769001884180138,1.7987007891415612,"[77394, 26412, 9866, 3863, 1447, 490, 145, 38, 12]"
62,2019-01-31,vegetation,0.886862973918482,0.9879686991977702,1.1675474696656736,0.7749027249523435,0.774339186332565,"[2024, 767, 339, 179, 105, 60, 36, 21, 12]"
62,2019-01-31,contamination,1.3346365051211895,0.9949502295867837,1.4501987465438753,1.14187471242228,1.5839497294784766,"[28318, 9111, 3306, 1392, 662, 311, 128, 38, 12]"
61,2019-02-24,vegetation,1.0637960133384177,0.9949124462680942,1.2439853329832204,0.919154243877774,1.0867105729502666,"[5031, 1868, 799, 377, 194, 96, 57, 27, 10]"
61,2019-02-24,contamination,1.3421994780316118,0.995702022279262,1.411393018051855,1.1887157846767697,1.5872088963054718,"[28390, 9356, 3521, 1508, 696, 315, 126, 38, 12]"
60,2019-03-19,vegetation,0.7650120618212009,0.9870543934229267,0.8745942912975205,0.6363226522909369,0.9131022430781853,"[1177, 540, 299, 190, 121, 76, 51, 30, 11]"
60,2019-03-19,contamination,1.3067795162812637,0.9925711522568349,1.2989770809425285,1.172818097157142,1.6404523853479696,"[23140, 8248, 3387, 1548, 768, 349, 134, 38, 12]"
59,2019-04-21,vegetation,1.1613895616563163,0.9961481731873799,1.235971681328458,1.0576172550403593,1.3476264772984927,"[10070, 3713, 1574, 771, 403, 197, 85, 33, 12]"
59,2019-04-21,contamination,1.321120703890101,0.9929099801665139,1.2752631242491697,1.2236190373985032,1.6493026435544185,"[24120, 8782, 3641, 1699, 810, 358, 132, 38, 12]"
58,2019-05-26,vegetation,0.8998649040042541,0.9934806584215027,1.0746395975384597,0.7556412404429035,0.9216796371843224,"[2322, 916, 443, 247, 137, 78, 52, 24, 12]"
58,2019-05-26,contamination,1.2701094645136044,0.9932878339611777,1.325818930709844,1.116765972886392,1.5685918619306598,"[19749, 6840, 2714, 1256, 643, 305, 122, 38, 12]"
57,2019-06-25,vegetation,1.1480341934437894,0.9959804354974044,1.302629767266341,0.9973582882064365,1.2668491052275084,"[8946, 3186, 1285, 597, 305, 153, 75, 31, 11]"
57,2019-06-25,contamination,1.3367817689060975,0.9918596574395481,1.2553605437398816,1.2659068343502793,1.6828888083607267,"[25693, 9487, 3977, 1888, 908, 384, 135, 38, 12]"
56,2019-07-30,vegetation,0.7425587462536324,0.9870484773502128,0.8559828369577682,0.593966969437366,0.9080147508339428,"[1016, 472, 267, 170, 114, 73, 50, 27, 11]"
56,2019-07-30,contamination,1.2633771285100468,0.9913351877464759,1.2531985161018242,1.1361020447263794,1.6127735693408882,"[19861, 7230, 3048, 1464, 757, 359, 136, 40, 13]"
55,2019-08-29,vegetation,0.820704834889877,0.9889606117830024,0.948110872388081,0.6639824435755676,0.9823878126591503,"[1581, 699, 363, 220, 134, 86, 55, 29, 11]"
55,2019-08-29,contamination,1.2569636324540667,0.9915022106609072,1.250491679154973,1.1337535362020734,1.5894792206581299,"[19011, 6922, 2919, 1410, 753, 339, 134, 39, 13]"
53,2019-10-10,vegetation,0.5474983304887415,0.9583024455598558,0.5995305894550983,0.38728310815333405,0.8520422248526459,"[402, 227, 152, 115, 92, 72, 51, 30, 12]"
53,2019-10-10,contamination,1.2511868083415674,0.9869996035154343,1.1922688390260083,1.1196247240896802,1.6730880718340695,"[17449, 6618, 2910, 1460, 782, 370, 141, 38, 12]"
52,2019-11-22,vegetation,0.7581468784087687,0.9770818160556818,0.8306621513868702,0.6043994844948501,1.0294306022401862,"[1125, 538, 307, 199, 138, 89, 57, 32, 10]"
52,2019-11-22,contamination,1.3320889131119245,0.9902414946017094,1.2019235414181508,1.2882468110430025,1.6956745187516657,"[25738, 9898, 4365, 2104, 1024, 423, 144, 39, 13]"
51,2019-12-29,vegetation,0.8134333744181842,0.9856293185116781,0.8771524542419726,0.7020299885288314,1.068120672563777,"[1479, 686, 372, 239, 172, 103, 56, 28, 11]"
51,2019-12-29,contamination,1.305333899581729,0.9911619663519362,1.2387178423826792,1.213102052556516,1.6609258542745926,"[22291, 8205, 3521, 1689, 836, 365, 135, 38, 12]"
50,2020-01-28,vegetation,0.7742588687444519,0.9898441057581666,0.8662258225749492,0.6614165647283748,0.949450851788832,"[1258, 586, 320, 208, 141, 87, 53, 28, 12]"
50,2020-01-28,contamination,1.388964155814553,0.989405920492745,1.1786026276770605,1.3992271702741974,1.7579121087344167,"[30653, 12192, 5510, 2623, 1183, 448, 143, 38, 12]"
49,2020-02-27,vegetation,0.7796646107708581,0.9897155074435608,0.833361518137653,0.6935264130011298,0.9764148078475343,"[1162, 559, 311, 206, 140, 85, 49, 26, 11]"
49,2020-02-27,contamination,1.226832734347762,0.9912781328375156,1.281950521211117,1.040684755519614,1.561742227029518,"[16044, 5717, 2369, 1113, 585, 297, 126, 38, 12]"
48,2020-03-21,vegetation,0.9639798360460362,0.9956799242455254,1.1193373426967583,0.8709694063900378,0.9963175562961429,"[3075, 1197, 556, 299, 164, 89, 49, 26, 11]"
48,2020-03-21,contamination,1.222633440855396,0.9929968331144214,1.2587877507988163,1.0748153843467316,1.5210432299503667,"[16081, 5839, 2450, 1172, 605, 297, 124, 39, 13]"
47,2020-04-27,vegetation,0.6470905522829364,0.9803212037895926,0.7709008869299969,0.47520408612164006,0.8376667152503786,"[610, 308, 184, 122, 91, 63, 46, 26, 11]"
47,2020-04-27,contamination,1.2156135698915116,0.9846896032598219,1.1321274976431521,1.0918323790371607,1.664096740247327,"[14339, 5683, 2603, 1360, 738, 365, 138, 38, 12]"
46,2020-05-30,vegetation,0.9440193974349731,0.996206582126585,1.0763167796545194,0.8576670016793168,0.9851585829865286,"[2969, 1230, 587, 316, 181, 95, 54, 29, 12]"
46,2020-05-30,contamination,1.141280005456963,0.987484690068208,1.1636774806111785,0.9638852147199894,1.5178436745418582,"[10184, 3940, 1769, 904, 520, 272, 121, 38, 12]"
44,2020-07-31,vegetation,0.3825606055484469,0.9182851541093454,0.45340586786818,0.1905811576773423,0.6580256305408084,"[163, 103, 77, 63, 56, 47, 43, 27, 12]"
44,2020-07-31,contamination,1.1841503319021263,0.9806220525070738,1.0374102443608324,1.0925987633813679,1.6619905786945437,"[11548, 5039, 2491, 1329, 761, 365, 136, 38, 12]"
43,2020-08-28,vegetation,0.6285578589734857,0.9816871757635346,0.7485169333334734,0.49065730787063333,0.8036525876025122,"[588, 287, 175, 123, 94, 64, 45, 26, 12]"
43,2020-08-28,contamination,1.1905708406856057,0.9857011241252766,1.1432786828154629,1.037091334080965,1.62143870522729,"[12729, 5079, 2318, 1178, 651, 334, 134, 38, 12]"
42,2020-09-27,vegetation,0.37173875855556,0.9088042255819045,0.3148497803247008,0.23821390187582156,0.6862496476250076,"[124, 89, 73, 64, 56, 44, 40, 22, 11]"
42,2020-09-27,contamination,1.1932453193057648,0.9867655091557763,1.1659284658049465,1.029722889875174,1.6056024809194587,"[13041, 5119, 2290, 1153, 636, 322, 134, 38, 12]"
41,2020-10-22,vegetation,0.8808698563128221,0.9922366451781536,1.0270773579888703,0.7473322885735688,0.9947223025309742,"[2325, 982, 491, 273, 167, 98, 58, 32, 12]"
41,2020-10-22,contamination,1.1682027255458918,0.9842191649878832,1.1249235457797284,1.0019827024575894,1.603072653158936,"[11556, 4596, 2119, 1112, 629, 317, 138, 38, 12]"
40,2020-11-23,vegetation,0.8360850682290669,0.9929357932929311,0.9302208273053076,0.7307639411628317,0.9559431577856261,"[1606, 727, 382, 232, 138, 82, 51, 28, 11]"
40,2020-11-23,contamination,1.2908831254840498,0.9883538295110198,1.1755819870289757,1.2000027621282385,1.6980006495819702,"[20127, 7998, 3561, 1743, 866, 391, 142, 38, 12]"
39,2020-12-26,vegetation,0.9062501317064816,0.9930959472823514,1.007746682630651,0.7779263853058926,1.0622783144650905,"[2598, 1178, 578, 321, 195, 112, 64, 33, 12]"
39,2020-12-26,contamination,1.5286796755129735,0.9945043493384593,1.3269308276987883,1.5785942101372232,1.7930265990144671,"[59964, 22441, 9088, 3778, 1461, 487, 142, 38, 12]"
38,2021-01-30,vegetation,1.0108553255933221,0.9954303395724008,1.1923051571844416,0.8898149256710208,1.038784905083491,"[4296, 1636, 710, 361, 187, 105, 56, 28, 12]"
38,2021-01-30,contamination,1.29631507270149,0.9915299186040227,1.2407195130291653,1.1995075279293237,1.646877939665061,"[21329, 7888, 3339, 1616, 792, 356, 132, 38, 12]"
37,2021-02-19,vegetation,1.168270205454992,0.9970675495495536,1.3125039710914868,1.0323846114049644,1.2621549259867895,"[10341, 3720, 1484, 677, 334, 164, 79, 32, 12]"
37,2021-02-19,contamination,1.4100841687370222,0.9950386043143824,1.3075841340240053,1.3851813717798402,1.677065999795434,"[37582, 13699, 5582, 2471, 1079, 410, 139, 39, 13]"
36,2021-03-26,vegetation,0.6254467042667149,0.9897414644092186,0.7303199916585966,0.5108943367004862,0.7416588748666159,"[478, 244, 150, 104, 73, 51, 36, 21, 11]"
36,2021-03-26,contamination,1.1506249380612636,0.9927020022450048,1.3726904814437892,0.9252594512795704,1.2811154945006034,"[10904, 3628, 1394, 629, 314, 170, 91, 36, 12]"
35,2021-04-05,vegetation,1.0258349081679725,0.9953106418424457,1.1825430123062997,0.9047005030946176,1.0699388420972313,"[4881, 1910, 844, 417, 218, 114, 64, 33, 12]"
35,2021-04-05,contamination,1.1828649017172523,0.9853095231757579,1.105802521737993,1.0604650640454694,1.606349570967786,"[11957, 4869, 2282, 1196, 665, 325, 131, 38, 12]"
34,2021-05-27,vegetation,0.42586354314735486,0.9313821994157887,0.4723143356387876,0.2532597670254122,0.7395859236910463,"[206, 126, 95, 76, 64, 57, 44, 28, 12]"
34,2021-05-27,contamination,1.2535912311297555,0.9791382278702285,1.029592962655648,1.215398366199339,1.7579994120834264,"[15922, 6916, 3462, 1858, 984, 445, 146, 38, 12]"
33,2021-06-26,vegetation,0.5002232243328703,0.9733460860116492,0.6066795440603586,0.3543874053147578,0.6906377973032353,"[274, 150, 97, 78, 61, 49, 37, 21, 12]"
33,2021-06-26,contamination,1.2931138129334958,0.9841013940214377,1.0784437048332374,1.2600872168213884,1.7441779630015453,"[18993, 8256, 3973, 2006, 995, 433, 144, 38, 12]"
32,2021-07-24,vegetation,0.9186472103774254,0.9926155055256323,1.045326366476495,0.7876775853405503,1.0438221743301912,"[2640, 1113, 541, 300, 177, 99, 59, 31, 11]"
32,2021-07-24,contamination,1.175640842444188,0.9847939095307064,1.1266296599374286,1.013329957482299,1.608796770169734,"[11868, 4755, 2207, 1135, 636, 322, 137, 38, 12]"
31,2021-08-30,vegetation,0.7116524641999172,0.9806237642063274,0.7852065449091663,0.55472933824697,0.9849877952501224,"[857, 424, 248, 167, 120, 85, 52, 26, 11]"
31,2021-08-30,contamination,1.3185545944817183,0.9793370620372324,0.9953792946663846,1.3660298486814102,1.7960427960654932,"[19994, 9389, 4791, 2509, 1217, 487, 145, 38, 12]"
30,2021-09-29,vegetation,0.5170445123884578,0.943779083599682,0.52222927260585,0.32376915577193344,0.891112060351963,"[293, 176, 126, 98, 79, 67, 49, 23, 11]"
30,2021-09-29,contamination,1.3022059355030584,0.9827141387956105,1.0646443719605398,1.293726637366092,1.7637211705973983,"[19750, 8560, 4157, 2147, 1072, 453, 144, 38, 12]"
29,2021-10-22,vegetation,0.7318044126153948,0.9878427262879422,0.8801835901785052,0.5670573805193583,0.8961141496375027,"[1015, 472, 265, 161, 112, 78, 49, 27, 12]"
29,2021-10-22,contamination,1.1567637946025968,0.9851138760116427,1.1442320521753757,0.972123191390031,1.5746005604038116,"[11083, 4320, 1974, 1023, 580, 299, 135, 38, 12]"
28,2021-11-28,vegetation,0.7776615048487816,0.9871659544046398,0.939928777640754,0.5939722340246876,0.9339602605980856,"[1242, 563, 293, 176, 115, 77, 51, 27, 11]"
28,2021-11-28,contamination,1.3657538326408813,0.9886839085298562,1.1873944910791927,1.3454005423775386,1.7579503049385232,"[28040, 11138, 4927, 2368, 1128, 447, 144, 38, 12]"
27,2021-12-23,vegetation,0.9103594993107849,0.9920116456356326,1.1003574227538668,0.7404312842706144,0.9777998255668686,"[2216, 894, 416, 225, 125, 76, 48, 24, 10]"
27,2021-12-23,contamination,1.3412294818135009,0.9906197301985807,1.2125965208975917,1.2808787714191456,1.7100644422375662,"[25531, 9816, 4324, 2037, 959, 403, 141, 38, 12]"
26,2022-01-25,vegetation,0.9212275815045826,0.9930597110110772,1.129677685282001,0.778850722488431,0.9471646843955287,"[2451, 969, 437, 235, 131, 79, 46, 24, 11]"
26,2022-01-25,contamination,1.316231935900055,0.9905191131015924,1.1921016823462003,1.2550353595436916,1.6804783892346336,"[22482, 8727, 3892, 1873, 892, 380, 137, 38, 12]"
25,2022-02-21,vegetation,0.9914233633602921,0.9916350407036962,1.182816635548171,0.7950856893937968,1.1116845623209333,"[4064, 1573, 689, 348, 196, 111, 67, 31, 11]"
25,2022-02-21,contamination,1.2823461874191358,0.9861024248458236,1.1223604621893626,1.2141782916308757,1.7131018071419175,"[18842, 7731, 3611, 1816, 908, 403, 144, 38, 12]"
24,2022-03-26,vegetation,0.9736400444972287,0.9910500754481827,1.1558245836394327,0.7928138377946703,1.0824079796961563,"[3755, 1454, 667, 337, 187, 107, 65, 33, 11]"
24,2022-03-26,contamination,1.1906466224331225,0.9862526065958037,1.1360617749677364,1.0381035292163343,1.6061001352015578,"[12700, 5078, 2318, 1195, 643, 320, 137, 38, 12]"
23,2022-04-17,vegetation,0.43562949882257906,0.9475377166831733,0.3934156240654452,0.3531567096862114,0.7308832568310274,"[166, 117, 90, 73, 65, 51, 35, 22, 11]"
23,2022-04-17,contamination,1.2019057722810433,0.9864142785121843,1.2087859913170076,1.0071228080603243,1.6199124015192186,"[14266, 5279, 2309, 1151, 635, 328, 140, 38, 12]"
22,2022-05-20,vegetation,0.7520671988952706,0.9850277606286942,0.9977153131059115,0.5695855795103936,0.7343765052888022,"[1063, 458, 232, 133, 82, 54, 41, 23, 12]"
22,2022-05-20,contamination,1.1019157909210402,0.9905167828371698,1.1578709585690863,0.9080803160232329,1.4081697426496171,"[7934, 3141, 1409, 714, 390, 214, 107, 35, 12]"
21,2022-06-21,vegetation,0.5982425032903775,0.9676281446573197,0.6970905671591429,0.37661475258645005,0.8781359713524673,"[521, 275, 175, 121, 92, 72, 55, 27, 12]"
21,2022-06-21,contamination,1.4486146246141913,0.9874172524854765,1.1244150074743684,1.54598654945689,1.8032282561075903,"[38836, 17425, 8154, 3723, 1577, 535, 150, 39, 13]"
20,2022-07-19,vegetation,0.7992779557419423,0.987357299886583,0.9754551106715035,0.5908123630490381,0.9131480148415061,"[1376, 599, 315, 179, 106, 72, 52, 26, 11]"
20,2022-07-19,contamination,1.2707968430316556,0.9819933234469354,1.0253828450335527,1.2493337073331825,1.735087134952488,"[16657, 7484, 3768, 1959, 971, 424, 144, 38, 12]"
19,2022-08-05,vegetation,0.9295549760446382,0.9911416386086735,1.1545449040836187,0.7611136685823191,0.973705804907678,"[2996, 1168, 528, 271, 152, 93, 55, 30, 12]"
19,2022-08-05,contamination,1.1816132083698427,0.9863426921399375,1.1318060968509926,1.0368408511303697,1.589477973028595,"[12150, 4822, 2210, 1153, 631, 311, 133, 38, 12]"
18,2022-09-27,vegetation,0.9121455939521371,0.9928077417512222,1.1206991927353271,0.7460454293010468,0.969436115794237,"[2365, 940, 438, 229, 133, 82, 48, 24, 11]"
18,2022-09-27,contamination,1.1923792942827702,0.982294476366638,1.1042752078943199,1.0458930156050261,1.667858719982253,"[12815, 5224, 2439, 1288, 714, 363, 144, 38, 12]"
17,2022-10-22,vegetation,0.8708453317398747,0.9900221341543796,1.0938670833898116,0.6783047810495844,0.9290801464090529,"[2138, 867, 411, 219, 128, 82, 53, 27, 12]"
17,2022-10-22,contamination,1.245318455062315,0.9832057570415663,1.0974870454457584,1.156889186532633,1.7141744434090662,"[15944, 6610, 3131, 1620, 862, 404, 144, 38, 12]"
16,2022-11-21,vegetation,0.9251793055979254,0.990052948789698,1.1525880377403295,0.7178324135321074,1.0003588923310331,"[2974, 1154, 523, 270, 151, 95, 60, 29, 12]"
16,2022-11-21,contamination,1.3597215609166102,0.9881848401946334,1.1765256849957264,1.3342554350985696,1.763763096165347,"[27263, 10821, 4885, 2345, 1110, 452, 145, 38, 12]"
15,2022-12-21,vegetation,0.9518627108345366,0.9905841911642064,1.1684477903077843,0.7640703983400576,1.0504364112931346,"[3273, 1258, 561, 288, 163, 100, 58, 30, 11]"
15,2022-12-21,contamination,1.4515651677547796,0.9915810177191969,1.2523079460070852,1.4717134547244615,1.7870630442424436,"[41904, 16133, 6869, 3085, 1334, 477, 145, 38, 12]"
14,2023-01-20,vegetation,1.0369337628007451,0.9923188140006046,1.2607327532695851,0.8330024476494599,1.1159247127680867,"[5067, 1887, 783, 369, 197, 112, 65, 30, 11]"
14,2023-01-20,contamination,1.5223741200082734,0.9935229127041607,1.3199104978552274,1.5708608345384776,1.811751280732538,"[59175, 21834, 8858, 3787, 1518, 505, 145, 38, 12]"
13,2023-02-24,vegetation,1.0476399051149594,0.9957091446804869,1.211794260431217,0.928222674104421,1.090684571126029,"[5430, 2069, 893, 437, 222, 119, 63, 32, 12]"
13,2023-02-24,contamination,1.2234430875326827,0.9878198042719268,1.1795035227834298,1.0824070329288389,1.6209766119684077,"[15020, 5842, 2583, 1292, 702, 332, 136, 38, 12]"
12,2023-03-01,vegetation,0.9821239196241284,0.9956722524392595,1.124635026668499,0.8580008785464943,1.05532737134123,"[3451, 1410, 646, 333, 182, 100, 56, 28, 11]"
12,2023-03-01,contamination,1.353405204482215,0.990618179961397,1.2364116740971258,1.2868302453507232,1.7299961373096837,"[27421, 10421, 4490, 2086, 993, 421, 142, 38, 12]"
11,2023-04-02,vegetation,0.9294198148835415,0.9931690949301136,1.0700195090443263,0.8168205634230372,0.9996108821518898,"[3005, 1246, 592, 325, 181, 100, 60, 34, 12]"
11,2023-04-02,contamination,1.3545677876232354,0.990622497971025,1.2356433577998598,1.2889066200518708,1.7299792874169717,"[27646, 10458, 4505, 2107, 996, 420, 143, 38, 12]"
10,2023-05-17,vegetation,0.6905877704145597,0.9800663373636672,0.8353022510514545,0.5019309367523654,0.9045750274389167,"[796, 378, 208, 141, 98, 72, 49, 26, 11]"
10,2023-05-17,contamination,1.3539067357402643,0.9830015560712317,1.0767272510943118,1.385199040524498,1.801559497217341,"[24871, 10750, 5246, 2625, 1275, 491, 147, 38, 12]"
7,2023-08-18,vegetation,0.7930615271663993,0.9848245608506019,0.9007915518004682,0.6153238687148118,1.004485102439793,"[1526, 716, 376, 236, 151, 97, 66, 33, 12]"
7,2023-08-18,contamination,1.2962132130118793,0.9832287340325415,1.0809418774841701,1.2664537536872935,1.7589487137957864,"[19522, 8311, 4023, 2046, 1033, 447, 145, 38, 12]"
6,2023-09-27,vegetation,0.7438383098675245,0.9855952306943617,0.8394234107282298,0.6081027848337741,0.9159036806951453,"[1045, 503, 283, 182, 120, 76, 52, 30, 11]"
6,2023-09-27,contamination,1.3622034964415652,0.9872998846749743,1.158577196381781,1.353383515118241,1.7713564227241025,"[27193, 10977, 5017, 2428, 1162, 460, 145, 38, 12]"
5,2023-10-27,vegetation,0.7397590931790877,0.9851698585169798,0.8628132409421756,0.5943495947164815,0.9125118294040783,"[1131, 524, 293, 187, 123, 83, 54, 32, 12]"
5,2023-10-27,contamination,1.270453410188985,0.9869061374073359,1.1363910600771485,1.2072702594884377,1.6811074726982054,"[19062, 7594, 3509, 1785, 925, 409, 144, 39, 13]"
4,2023-11-11,vegetation,0.882351700641003,0.9903656979369351,1.0698065782748436,0.6991046043553256,0.9950535631634305,"[2179, 917, 429, 237, 146, 87, 56, 28, 11]"
4,2023-11-11,contamination,1.3471353170034768,0.9877082367793766,1.1609072113295684,1.3192777951579386,1.7560094563396556,"[25388, 10288, 4700, 2255, 1085, 445, 144, 38, 12]"
3,2023-12-16,vegetation,1.0056696873107311,0.9924850873530792,1.251241756118558,0.829966771954385,1.0379964261045194,"[4419, 1683, 698, 329, 183, 106, 58, 30, 12]"
3,2023-12-16,contamination,1.338256843509508,0.9885035652764823,1.1807545566238618,1.2925581561785087,1.7421601748077826,"[24752, 9848, 4410, 2114, 1021, 433, 142, 38, 12]"
2,2024-01-30,vegetation,1.02917815886302,0.9917993193842544,1.2090311427490144,0.8368498121979367,1.193461409543259,"[5092, 1990, 843, 415, 233, 135, 72, 34, 11]"
2,2024-01-30,contamination,1.2623908094604568,0.9858211230525736,1.1280905447710812,1.1696227821803398,1.699013071309341,"[17218, 7141, 3309, 1642, 857, 391, 143, 38, 12]"
1,2024-02-14,vegetation,0.9238270036209163,0.9891801924808262,1.1252398242969286,0.7199106251466252,1.05532737134123,"[2858, 1172, 522, 278, 163, 100, 62, 31, 11]"
1,2024-02-14,contamination,1.3101351484247654,0.9874077449043633,1.1503092448559464,1.2537700990486402,1.7268767041505335,"[21544, 8734, 3984, 1962, 960, 417, 143, 38, 12]"
