image,cls,fd_full,r2_full,fd_fine_1_8,fd_mid_8_64,fd_coarse_32_256,counts
63,vegetation,0.4796808509520188,0.9676417036502979,0.6817106225949884,0.27574144301925035,0.5795859283219785,"[247, 139, 86, 60, 45, 40, 33, 22, 12]"
63,contamination,1.5755910858272457,0.9988268689671995,1.6330081709796873,1.48308648190556,1.716404578982308,"[539611, 158236, 51199, 18064, 6665, 2436, 821, 246, 69]"
62,vegetation,0.886862973918482,0.9879686991977702,1.1675474696656736,0.7749027249523435,0.774339186332565,"[2024, 767, 339, 179, 105, 60, 36, 21, 12]"
62,contamination,1.3712204443344491,0.9929269841792591,1.6843076989949952,1.1546980120664125,1.3263229642238672,"[195630, 55224, 17020, 5912, 2358, 1100, 529, 218, 69]"
61,vegetation,1.0637960133384177,0.9949124462680942,1.2439853329832204,0.919154243877774,1.0867105729502666,"[5031, 1868, 799, 377, 194, 96, 57, 27, 10]"
61,contamination,1.3726630001254925,0.9943919505964417,1.6576269022955603,1.1685303356031391,1.3526676658182344,"[196619, 56246, 17649, 6282, 2563, 1166, 549, 215, 70]"
60,vegetation,0.7650120618212009,0.9870543934229267,0.8745942912975205,0.6363226522909369,0.9131022430781853,"[1177, 540, 299, 190, 121, 76, 51, 30, 11]"
60,contamination,1.326971021285706,0.9948614348384685,1.5659950694972862,1.1086753969917709,1.406525470854663,"[161680, 48448, 16238, 6245, 2701, 1294, 616, 227, 70]"
59,vegetation,1.1613895616563163,0.9961481731873799,1.235971681328458,1.0576172550403593,1.3476264772984927,"[10070, 3713, 1574, 771, 403, 197, 85, 33, 12]"
59,contamination,1.3441322268324043,0.9963553258832584,1.5470500487629217,1.1571558512431959,1.4291642764892276,"[168879, 51461, 17454, 6788, 2899, 1352, 604, 217, 70]"
58,vegetation,0.8998649040042541,0.9934806584215027,1.0746395975384597,0.7556412404429035,0.9216796371843224,"[2322, 916, 443, 247, 137, 78, 52, 24, 12]"
58,contamination,1.2992756104967014,0.9930490756331244,1.5910241450731302,1.0798605794930072,1.3086645712286715,"[137880, 40650, 13387, 5056, 2156, 1075, 526, 219, 70]"
57,vegetation,1.1480341934437894,0.9959804354974044,1.302629767266341,0.9973582882064365,1.2668491052275084,"[8946, 3186, 1285, 597, 305, 153, 75, 31, 11]"
57,contamination,1.3517057792806426,0.9961988500636443,1.5344398212132027,1.1652397779764345,1.4842538957853055,"[180348, 55133, 18952, 7430, 3233, 1514, 648, 233, 69]"
56,vegetation,0.7425587462536324,0.9870484773502128,0.8559828369577682,0.593966969437366,0.9080147508339428,"[1016, 472, 267, 170, 114, 73, 50, 27, 11]"
56,contamination,1.2946290044176865,0.9941345027142081,1.5532468413745764,1.0717343396868773,1.3715554800850236,"[138876, 41660, 14089, 5508, 2477, 1228, 585, 225, 71]"
55,vegetation,0.820704834889877,0.9889606117830024,0.948110872388081,0.6639824435755676,0.9823878126591503,"[1581, 699, 363, 220, 134, 86, 55, 29, 11]"
55,contamination,1.2859802646666338,0.9941749406643209,1.5428787481443944,1.0665761296596683,1.3579085199352077,"[133150, 40227, 13672, 5400, 2421, 1209, 579, 224, 72]"
53,vegetation,0.5474983304887415,0.9583024455598558,0.5995305894550983,0.38728310815333405,0.8520422248526459,"[402, 227, 152, 115, 92, 72, 51, 30, 12]"
53,contamination,1.26780549111372,0.9933718460635103,1.4892892478419142,1.0314837419635918,1.4345447729933793,"[123486, 38234, 13504, 5596, 2626, 1359, 643, 236, 69]"
52,vegetation,0.7581468784087687,0.9770818160556818,0.8306621513868702,0.6043994844948501,1.0294306022401862,"[1125, 538, 307, 199, 138, 89, 57, 32, 10]"
52,contamination,1.3510747763541306,0.9964064146640867,1.4939407940393223,1.1778567776245419,1.5298784227336537,"[182401, 57032, 20288, 8158, 3661, 1700, 693, 236, 71]"
51,vegetation,0.8134333744181842,0.9856293185116781,0.8771524542419726,0.7020299885288314,1.068120672563777,"[1479, 686, 372, 239, 172, 103, 56, 28, 11]"
51,contamination,1.3214748776935281,0.9951800289757748,1.5241869229083744,1.1092817383428513,1.4671176364161422,"[157148, 47838, 16522, 6619, 2973, 1444, 649, 228, 69]"
50,vegetation,0.7742588687444519,0.9898441057581666,0.8662258225749492,0.6614165647283748,0.949450851788832,"[1258, 586, 320, 208, 141, 87, 53, 28, 12]"
50,contamination,1.3941311450731113,0.9964563522079257,1.4614238248295792,1.261071927343016,1.622982744987038,"[219009, 69837, 25428, 10478, 4629, 2002, 752, 239, 69]"
49,vegetation,0.7796646107708581,0.9897155074435608,0.833361518137653,0.6935264130011298,0.9764148078475343,"[1162, 559, 311, 206, 140, 85, 49, 26, 11]"
49,contamination,1.2570741170996622,0.9920198368357198,1.5628546093309348,1.0132458883559101,1.2920788161222347,"[112590, 33622, 11273, 4380, 2006, 1026, 527, 214, 70]"
48,vegetation,0.9639798360460362,0.9956799242455254,1.1193373426967583,0.8709694063900378,0.9963175562961429,"[3075, 1197, 556, 299, 164, 89, 49, 26, 11]"
48,contamination,1.265771169526406,0.9941352455510647,1.5224480914996918,1.0477202619852959,1.3212290142240586,"[113812, 34762, 12066, 4805, 2171, 1079, 539, 208, 70]"
47,vegetation,0.6470905522829364,0.9803212037895926,0.7709008869299969,0.47520408612164006,0.8376667152503786,"[610, 308, 184, 122, 91, 63, 46, 26, 11]"
47,contamination,1.233110648611032,0.9934088665751082,1.4443101052449143,1.0052775384009474,1.3952602872246156,"[102350, 32558, 11905, 5087, 2486, 1262, 625, 231, 70]"
46,vegetation,0.9440193974349731,0.996206582126585,1.0763167796545194,0.8576670016793168,0.9851585829865286,"[2969, 1230, 587, 316, 181, 95, 54, 29, 12]"
46,contamination,1.1824443984880222,0.9913925823824958,1.4771195943469182,0.9470202711452143,1.2268915891340684,"[71693, 22343, 7981, 3329, 1597, 859, 459, 196, 67]"
44,vegetation,0.3825606055484469,0.9182851541093454,0.45340586786818,0.1905811576773423,0.6580256305408084,"[163, 103, 77, 63, 56, 47, 43, 27, 12]"
44,contamination,1.1960641186789087,0.9924412942817377,1.3447904115165912,0.9788028392964677,1.4352915119037037,"[83626, 28461, 11229, 5100, 2555, 1358, 656, 239, 69]"
43,vegetation,0.6285578589734857,0.9816871757635346,0.7485169333334734,0.49065730787063333,0.8036525876025122,"[588, 287, 175, 123, 94, 64, 45, 26, 12]"
43,contamination,1.2138450845714555,0.9923587220679588,1.451370575623901,0.9709945130513865,1.3630044881266883,"[89937, 28450, 10408, 4397, 2137, 1141, 575, 224, 67]"
42,vegetation,0.37173875855556,0.9088042255819045,0.3148497803247008,0.23821390187582156,0.6862496476250076,"[124, 89, 73, 64, 56, 44, 40, 22, 11]"
42,contamination,1.2131425743214466,0.9920782904330032,1.4756762782797526,0.9629782038087964,1.3277345627555759,"[91988, 28661, 10264, 4282, 2034, 1100, 568, 222, 70]"
41,vegetation,0.8808698563128221,0.9922366451781536,1.0270773579888703,0.7473322885735688,0.9947223025309742,"[2325, 982, 491, 273, 167, 98, 58, 32, 12]"
41,contamination,1.1942660483900673,0.9926560216501694,1.4218289461952556,0.9639015669175688,1.3486920009972396,"[83102, 26571, 9889, 4325, 2121, 1156, 571, 224, 70]"
40,vegetation,0.8360850682290669,0.9929357932929311,0.9302208273053076,0.7307639411628317,0.9559431577856261,"[1606, 727, 382, 232, 138, 82, 51, 28, 11]"
40,contamination,1.3023123475489837,0.9954606378576752,1.4708793518525538,1.1064727919408386,1.4751708821616272,"[142017, 44913, 16182, 6671, 3059, 1495, 657, 232, 70]"
39,vegetation,0.9062501317064816,0.9930959472823514,1.007746682630651,0.7779263853058926,1.0622783144650905,"[2598, 1178, 578, 321, 195, 112, 64, 33, 12]"
39,contamination,1.5305319772246815,0.9983911077373485,1.5558914296321198,1.4542188714706359,1.7052038051965,"[419240, 128738, 44002, 16468, 6375, 2384, 794, 241, 69]"
38,vegetation,1.0108553255933221,0.9954303395724008,1.1923051571844416,0.8898149256710208,1.038784905083491,"[4296, 1636, 710, 361, 187, 105, 56, 28, 12]"
38,contamination,1.321455161968814,0.9963240044193269,1.51928741225796,1.1426383199614945,1.4190155402637683,"[150317, 46040, 16016, 6388, 2830, 1332, 586, 216, 70]"
37,vegetation,1.168270205454992,0.9970675495495536,1.3125039710914868,1.0323846114049644,1.2621549259867895,"[10341, 3720, 1484, 677, 334, 164, 79, 32, 12]"
37,contamination,1.428998605199669,0.9979084802425973,1.5575934715457196,1.2876900420199675,1.5562729799785868,"[263473, 80163, 27294, 10322, 4241, 1800, 701, 236, 71]"
36,vegetation,0.6254467042667149,0.9897414644092186,0.7303199916585966,0.5108943367004862,0.7416588748666159,"[478, 244, 150, 104, 73, 51, 36, 21, 11]"
36,contamination,1.2504211319612906,0.9838280288153227,1.6550880432879485,1.0969751858307744,0.9747960955040993,"[74989, 21509, 6766, 2408, 997, 472, 245, 132, 61]"
35,vegetation,1.0258349081679725,0.9953106418424457,1.1825430123062997,0.9047005030946176,1.0699388420972313,"[4881, 1910, 844, 417, 218, 114, 64, 33, 12]"
35,contamination,1.2060771896876468,0.9941906054803593,1.402838930610418,1.0061383901652354,1.3487170373148933,"[85532, 27849, 10514, 4629, 2258, 1156, 566, 222, 70]"
34,vegetation,0.42586354314735486,0.9313821994157887,0.4723143356387876,0.2532597670254122,0.7395859236910463,"[206, 126, 95, 76, 64, 57, 44, 28, 12]"
34,contamination,1.2643354647398932,0.9927769596147171,1.3278975069966084,1.0879020106127708,1.5722070499012888,"[117523, 40402, 16203, 7412, 3623, 1813, 756, 243, 70]"
33,vegetation,0.5002232243328703,0.9733460860116492,0.6066795440603586,0.3543874053147578,0.6906377973032353,"[274, 150, 97, 78, 61, 49, 37, 21, 12]"
33,contamination,1.3097601540072497,0.994413768927751,1.337172671020718,1.166558429416318,1.5928010068659502,"[141625, 49188, 19711, 8745, 4037, 1871, 763, 244, 69]"
32,vegetation,0.9186472103774254,0.9926155055256323,1.045326366476495,0.7876775853405503,1.0438221743301912,"[2640, 1113, 541, 300, 177, 99, 59, 31, 11]"
32,contamination,1.2001564000544802,0.9930962838748063,1.4212967142083888,0.976939174014669,1.340736391546963,"[85061, 27437, 10221, 4431, 2159, 1138, 574, 227, 70]"
31,vegetation,0.7116524641999172,0.9806237642063274,0.7852065449091663,0.55472933824697,0.9849877952501224,"[857, 424, 248, 167, 120, 85, 52, 26, 11]"
31,contamination,1.3222320114380863,0.992405478261076,1.2778074455229587,1.2098333162966666,1.6660484401803042,"[149818, 54117, 22697, 10451, 4865, 2199, 832, 249, 70]"
30,vegetation,0.5170445123884578,0.943779083599682,0.52222927260585,0.32376915577193344,0.891112060351963,"[293, 176, 126, 98, 79, 67, 49, 23, 11]"
30,contamination,1.3123128607386343,0.9935865475637967,1.3309553353036627,1.1725048826024163,1.6203504850917196,"[146471, 50573, 20333, 9165, 4347, 2005, 790, 246, 70]"
29,vegetation,0.7318044126153948,0.9878427262879422,0.8801835901785052,0.5670573805193583,0.8961141496375027,"[1015, 472, 265, 161, 112, 78, 49, 27, 12]"
29,contamination,1.1892652144045746,0.9918962187850167,1.4594103636878852,0.954446970324379,1.2779017821596843,"[78862, 24806, 8972, 3799, 1831, 990, 514, 216, 69]"
28,vegetation,0.7776615048487816,0.9871659544046398,0.939928777640754,0.5939722340246876,0.9339602605980856,"[1242, 563, 293, 176, 115, 77, 51, 27, 11]"
28,contamination,1.368129063707035,0.9964343682532345,1.4763013498862638,1.209947545276742,1.5689043420545308,"[197691, 62260, 22407, 9174, 4034, 1817, 731, 242, 70]"
27,vegetation,0.9103594993107849,0.9920116456356326,1.1003574227538668,0.7404312842706144,0.9777998255668686,"[2216, 894, 416, 225, 125, 76, 48, 24, 10]"
27,contamination,1.35020528461104,0.9963618974730198,1.4999369746377806,1.1732308735495323,1.517787623411163,"[180287, 56233, 19835, 7975, 3514, 1637, 684, 236, 70]"
26,vegetation,0.9212275815045826,0.9930597110110772,1.129677685282001,0.778850722488431,0.9471646843955287,"[2451, 969, 437, 235, 131, 79, 46, 24, 11]"
26,contamination,1.327826055190705,0.9963617971546787,1.4838509356017269,1.1541072961654806,1.47949250457054,"[158917, 49804, 17807, 7263, 3219, 1514, 649, 231, 70]"
25,vegetation,0.9914233633602921,0.9916350407036962,1.182816635548171,0.7950856893937968,1.1116845623209333,"[4064, 1573, 689, 348, 196, 111, 67, 31, 11]"
25,contamination,1.2892674040497984,0.99482112621166,1.4193258577001442,1.0966223173887595,1.5084339054207212,"[134562, 43865, 16464, 7024, 3272, 1597, 708, 242, 70]"
24,vegetation,0.9736400444972287,0.9910500754481827,1.1558245836394327,0.7928138377946703,1.0824079796961563,"[3755, 1454, 667, 337, 187, 107, 65, 33, 11]"
24,contamination,1.2176994997589392,0.994346079885658,1.42581217815976,1.0171151682464334,1.3337581359198871,"[90320, 28938, 10781, 4656, 2199, 1120, 556, 220, 70]"
23,vegetation,0.43562949882257906,0.9475377166831733,0.3934156240654452,0.3531567096862114,0.7308832568310274,"[166, 117, 90, 73, 65, 51, 35, 22, 11]"
23,contamination,1.233075655237222,0.9923568186968906,1.5102030213366016,0.9967401059301058,1.3071692209974537,"[101117, 30922, 10833, 4378, 2040, 1068, 543, 224, 70]"
22,vegetation,0.7520671988952706,0.9850277606286942,0.9977153131059115,0.5695855795103936,0.7343765052888022,"[1063, 458, 232, 133, 82, 54, 41, 23, 12]"
22,contamination,1.1563314291459779,0.9925224834174622,1.4395242477871715,0.959545926660988,1.1576890473787953,"[56827, 18121, 6709, 2844, 1376, 734, 382, 172, 66]"
21,vegetation,0.5982425032903775,0.9676281446573197,0.6970905671591429,0.37661475258645005,0.8781359713524673,"[521, 275, 175, 121, 92, 72, 55, 27, 12]"
21,contamination,1.4546293933437284,0.994848056368564,1.359026612785826,1.4021923876643203,1.756027309354235,"[284162, 100817, 40099, 16724, 7028, 2729, 898, 253, 72]"
20,vegetation,0.7992779557419423,0.987357299886583,0.9754551106715035,0.5908123630490381,0.9131480148415061,"[1376, 599, 315, 179, 106, 72, 52, 26, 11]"
20,contamination,1.2918403121459845,0.9923427307018857,1.2606090354260049,1.1746201758384562,1.6263217346972367,"[127828, 46169, 19728, 9221, 4418, 2022, 793, 243, 70]"
19,vegetation,0.9295549760446382,0.9911416386086735,1.1545449040836187,0.7611136685823191,0.973705804907678,"[2996, 1168, 528, 271, 152, 93, 55, 30, 12]"
19,contamination,1.2156452531569735,0.9944022495788367,1.4378690757182053,1.0163650671114615,1.306073936111342,"[86517, 27658, 10208, 4351, 2052, 1042, 521, 210, 69]"
18,vegetation,0.9121455939521371,0.9928077417512222,1.1206991927353271,0.7460454293010468,0.969436115794237,"[2365, 940, 438, 229, 133, 82, 48, 24, 11]"
18,contamination,1.2118996434853255,0.9922558385337845,1.3807147012399876,0.9835566613821718,1.4482370299026037,"[92225, 30255, 11587, 5228, 2636, 1383, 668, 235, 69]"
17,vegetation,0.8708453317398747,0.9900221341543796,1.0938670833898116,0.6783047810495844,0.9290801464090529,"[2138, 867, 411, 219, 128, 82, 53, 27, 12]"
17,contamination,1.2529161787614473,0.9934923033372763,1.424513111768822,1.0260750221706945,1.4668878487563037,"[114393, 37050, 13801, 5915, 2831, 1460, 689, 240, 70]"
16,vegetation,0.9251793055979254,0.990052948789698,1.1525880377403295,0.7178324135321074,1.0003588923310331,"[2974, 1154, 523, 270, 151, 95, 60, 29, 12]"
16,contamination,1.3626946247068255,0.9961523309511935,1.4838106408867713,1.1850742093130293,1.5653403102018169,"[193602, 60879, 21841, 8839, 3893, 1789, 741, 240, 70]"
15,vegetation,0.9518627108345366,0.9905841911642064,1.1684477903077843,0.7640703983400576,1.0504364112931346,"[3273, 1258, 561, 288, 163, 100, 58, 30, 11]"
15,contamination,1.4521256048101199,0.9973720356748103,1.5162617671395142,1.3223903806897044,1.6551530989335126,"[295660, 92193, 32391, 12611, 5256, 2152, 800, 242, 70]"
14,vegetation,1.0369337628007451,0.9923188140006046,1.2607327532695851,0.8330024476494599,1.1159247127680867,"[5067, 1887, 783, 369, 197, 112, 65, 30, 11]"
14,contamination,1.521903787003944,0.9976171334181145,1.5582064325776241,1.4189197542284426,1.7372680794087005,"[414840, 126339, 43144, 16213, 6531, 2532, 838, 244, 69]"
13,vegetation,1.0476399051149594,0.9957091446804869,1.211794260431217,0.928222674104421,1.090684571126029,"[5430, 2069, 893, 437, 222, 119, 63, 32, 12]"
13,contamination,1.2398697241378849,0.9930710653285023,1.46777319698493,1.0137569823013088,1.3778104301460037,"[106508, 33302, 12042, 5033, 2383, 1224, 604, 240, 69]"
12,vegetation,0.9821239196241284,0.9956722524392595,1.124635026668499,0.8580008785464943,1.05532737134123,"[3451, 1410, 646, 333, 182, 100, 56, 28, 11]"
12,contamination,1.3632630363884448,0.9964329905281589,1.5043376326255224,1.1876575894765753,1.532569570114527,"[194364, 60415, 21293, 8513, 3680, 1687, 710, 242, 70]"
11,vegetation,0.9294198148835415,0.9931690949301136,1.0700195090443263,0.8168205634230372,0.9996108821518898,"[3005, 1246, 592, 325, 181, 100, 60, 34, 12]"
11,contamination,1.3618320836371325,0.9961375319057815,1.5004182748769537,1.1831667549779614,1.5486811891318428,"[194997, 60575, 21427, 8608, 3825, 1742, 727, 244, 70]"
10,vegetation,0.6905877704145597,0.9800663373636672,0.8353022510514545,0.5019309367523654,0.9045750274389167,"[796, 378, 208, 141, 98, 72, 49, 26, 11]"
10,contamination,1.3605492305978537,0.9926464239756403,1.3308460832017361,1.2416984986721278,1.7115322958451198,"[185819, 64386, 25967, 11618, 5392, 2414, 862, 249, 70]"
7,vegetation,0.7930615271663993,0.9848245608506019,0.9007915518004682,0.6153238687148118,1.004485102439793,"[1526, 716, 376, 236, 151, 97, 66, 33, 12]"
7,contamination,1.295628189437731,0.9940752388955447,1.4004966245572184,1.1045885974377645,1.5591824202946718,"[140169, 46125, 17449, 7622, 3596, 1764, 753, 244, 70]"
6,vegetation,0.7438383098675245,0.9855952306943617,0.8394234107282298,0.6081027848337741,0.9159036806951453,"[1045, 503, 283, 182, 120, 76, 52, 30, 11]"
6,contamination,1.3614481065243904,0.9957402901322036,1.4695456917134444,1.186219863572797,1.5918332907324184,"[193465, 61248, 22204, 9097, 4091, 1892, 759, 242, 70]"
5,vegetation,0.7397590931790877,0.9851698585169798,0.8628132409421756,0.5943495947164815,0.9125118294040783,"[1131, 524, 293, 187, 123, 83, 54, 32, 12]"
5,contamination,1.2845392953045993,0.9942873375653893,1.4569670882242007,1.0715572529929536,1.4898901191328624,"[135929, 43006, 15577, 6582, 3115, 1560, 697, 242, 71]"
4,vegetation,0.882351700641003,0.9903656979369351,1.0698065782748436,0.6991046043553256,0.9950535631634305,"[2179, 917, 429, 237, 146, 87, 56, 28, 11]"
4,contamination,1.3486378526755396,0.9957442911933144,1.4555530735861277,1.1763686262523334,1.5736153021697041,"[180593, 57759, 21132, 8744, 3945, 1827, 746, 243, 70]"
3,vegetation,1.0056696873107311,0.9924850873530792,1.251241756118558,0.829966771954385,1.0379964261045194,"[4419, 1683, 698, 329, 183, 106, 58, 30, 12]"
3,contamination,1.3453037509444616,0.9956828962410031,1.4702878701471904,1.1606797075036586,1.5585976292333217,"[176180, 55789, 20174, 8277, 3723, 1740, 730, 238, 69]"
2,vegetation,1.02917815886302,0.9917993193842544,1.2090311427490144,0.8368498121979367,1.193461409543259,"[5092, 1990, 843, 415, 233, 135, 72, 34, 11]"
2,contamination,1.274504854253344,0.9943837322954782,1.4106023660952216,1.0726336142007942,1.4974621182978922,"[123703, 40445, 15282, 6574, 3086, 1535, 696, 238, 69]"
1,vegetation,0.9238270036209163,0.9891801924808262,1.1252398242969286,0.7199106251466252,1.05532737134123,"[2858, 1172, 522, 278, 163, 100, 62, 31, 11]"
1,contamination,1.3183734496057702,0.9953170462661881,1.4374576179188023,1.1380486386265194,1.5383780042824649,"[153959, 49597, 18327, 7747, 3498, 1683, 713, 242, 69]"
