year,n,med,q1,q3,anom,anom_q1,anom_q3,lt0,gt020,platforms
1989,18,0.14178552322648047,0.13273458901219942,0.14434598271998683,0.0041145241941378,0.0028000491244481,0.0063228150779892495,0.00037033834707560003,0.0029035377371517002,L4/L5
1990,25,0.1313610883520771,0.1239136683268175,0.134704941615961,0.0040540759679780995,0.0020539874382452,0.0063086196178068,0.0005298471553155,0.002345895223887,L4/L5
1991,24,0.13731219998883734,0.06440834977612016,0.19147416994654984,0.7050773682529079,0.588542113633143,0.8249816610146216,0.26850247690216644,0.29043417464620547,L4/L5
1992,13,0.086776971369334,-0.0118567966401678,0.10869424026319,0.3634692829535933,0.271250681176748,0.6272148278944767,0.1533176572339793,0.0008925818335253,L4/L5
1993,20,0.1073676057356171,0.08626099299627335,0.11929946468109777,0.2197317853404162,0.17938551393890756,0.35904644771845623,0.07564722835142496,0.0065956070136443,L4/L5
1994,14,0.10421544506700514,0.09537008909396896,0.11290677135703008,0.13468275230418708,0.08468012777131252,0.2302454046950941,0.01179174341193125,0.0029074264142372,L5
1995,18,0.12191646268280285,0.1042264687316975,0.13981440483924923,0.0657739326736861,0.04426513137124692,0.14237987499532526,0.00880292117030675,0.00341595996991775,L5
1996,25,0.1138368345768303,0.107055960938338,0.1171635619207465,0.0854848738814242,0.0601817562563184,0.10460911444679269,0.013130918676169,0.0045732333757976,L5
1997,27,0.1204337108314956,0.11578834441194094,0.1312155941064979,0.0516002754328035,0.04260416641718075,0.07169224440181911,0.0101820944937447,0.0032975198095248,L5
1998,30,0.11889097744858675,0.10822543506737548,0.12676625041305845,0.05694142938238089,0.043242111940472845,0.08150395039523828,0.0109932378168745,0.00455464916242225,L5
1999,28,0.12381307184852991,0.11506551095022695,0.1273747080874401,0.04692443128904665,0.029474369639826872,0.0606903464834741,0.00930192844699625,0.00223361960817385,L5/L7
2000,32,0.114402551793848,0.0995170843204106,0.1247732237372263,0.0529813217729833,0.02136129395823312,0.09336036880838267,0.0097160294571032,0.0008587395712906,L5/L7
2001,29,0.1191038099602898,0.1156854490200153,0.1243335464123445,0.0327945971374344,0.022253091758194198,0.054984080995032304,0.0089022215015404,0.00161082822517,L5/L7
2002,20,0.11823294320273885,0.10345681339581615,0.12609573907448315,0.048938359486667346,0.026804464686441647,0.0772043491614855,0.01377463135135805,0.0016905737996513,L5/L7
2003,13,0.1185484785963712,0.1107624309387266,0.12166092633282,0.034235446156636505,0.028846007053112,0.0762872665351244,0.0114040578294123,0.00080538363828,L7
2004,13,0.1166047601629467,0.1119329047762815,0.1196919826194688,0.037054769015647096,0.027116835607042,0.056654938774255904,0.0137943718962663,0.0016104920862422,L7
2005,11,0.1050525733144831,0.10091009311730831,0.1150554946426113,0.047904513355848895,0.03807362015726515,0.07197749846316134,0.0151551965012452,0.0004457800767049,L7
2006,9,0.109476743797218,0.101396121989297,0.113112848879534,0.0435946905386633,0.026315179516499,0.0613615084228393,0.0143336708051366,0.0005492851768246,L7
2007,11,0.1090696254311316,0.1039356303167569,0.112936165329874,0.0283096217792016,0.0250552719524246,0.0436970436410917,0.0112382540163685,0.0002323037033706,L7
2008,13,0.1124547145933994,0.1036314347862061,0.1247915282930194,0.0236260471179097,0.019397571360983898,0.0414421378928779,0.0102456384256775,0.000525679440677,L7
2009,15,0.1064558131029995,0.09980148515440959,0.11549488141335054,0.048186578670977004,0.027791006875402,0.0794373237507007,0.0107940776641645,0.0002562768996525,L7
2010,18,0.1050599738151457,0.09825421971340967,0.11050437933605257,0.03561678199305367,0.026881688469375786,0.05450430716751491,0.0094370733461289,0.00011999007271188562,L7
2011,19,0.1222482719169,0.11130429564745284,0.12666729502191443,0.0178721793840767,0.0160500039402423,0.0308244509450745,0.007639880021065,0.0003086419753086,L7
2012,24,0.1252253584995186,0.11768814572087133,0.13421631194152409,0.016179798684496302,0.013817913419778975,0.024782102570298073,0.00706534200928265,0.001274963593133,L7
2013,44,0.1257030231236724,0.11807965657068666,0.13361308267583197,0.014772210894923251,0.0104649000327892,0.024620005045882448,0.0059418753980445,0.0012085798270365,L7/L8
2014,55,0.1217967095067285,0.11590005491741315,0.12849458018950605,0.020954092941418298,0.015950232128189648,0.02852282171121705,0.0075216631336234,0.0033253545024845,L7/L8
2015,47,0.1317821059723063,0.12300644098849886,0.13562612085831094,0.0176271369638449,0.014294085660813301,0.0276625791018324,0.0061132161138106,0.0034728760015899,L7/L8
2016,55,0.1262962223802708,0.11850298669716555,0.13417090004046525,0.0179916544735273,0.0135149017957472,0.02565978769389035,0.0066941769830353,0.0039566498202751,L7/L8
2017,55,0.122507671145025,0.1171431655480278,0.13441877311961808,0.019176507076774,0.016844846024766102,0.0253809535397162,0.0071347494730014,0.0044375258371227,L7/L8
2018,53,0.1269454988056495,0.1197558211370094,0.1333838429168576,0.0156240924667479,0.0126323630068042,0.0206042916599102,0.0065023863703927,0.0026701115068833,L7/L8
2019,42,0.1178999999313187,0.11254075686877793,0.12419594415082295,0.0404857816614336,0.03224783945184555,0.05743650032831153,0.016704331843222148,0.00340503964891895,L7/L8
2020,43,0.1221168681072582,0.11571122451043389,0.12690268914651343,0.025056681050244903,0.018064758029713197,0.03738441238525625,0.0086569073543735,0.0019944760041294,L7/L8
2021,45,0.1209445022270032,0.1129027369859303,0.1280823358125135,0.021171828549808,0.016442771908292998,0.0384725702317878,0.0071292672907703,0.0032322227747389,L7/L8/L9
2022,45,0.1151326358459748,0.1046747573734907,0.1233628668458493,0.0176832571642888,0.0127764365709067,0.031776709065575795,0.0060914967677772,0.0005891477896147,L7/L8/L9
2023,70,0.1259832286045156,0.11737398708273893,0.13223601779731137,0.0287052540930152,0.019411597797297325,0.043014143128542445,0.00731526939894445,0.008268793572002098,L7/L8/L9
2024,65,0.1300219006105569,0.1225651300293478,0.1358113535741288,0.024831358643950502,0.0197448786552077,0.0351766944937063,0.0055780467107361,0.0109551438018591,L8/L9
