date,item,baseline,cloud,n_inside,poly_km2,savi_median,savi_p95,area_savi015_km2,area_savi010_km2,area_savi020_km2,area_ndvi015_km2,export_veg_km2,export_con_km2
2019-03-19,S2B_MSIL2A_20190319T071729_R006_T38RQS_20201007T082023,2.12,0.059998,926535,92.7525,0.089521004495427,0.1739130434782609,10.2458,39.0068,2.459,20.7485,0.2029560131019796,4.074336
2019-04-21,S2B_MSIL2A_20190421T072619_R049_T38RQS_20201105T140450,2.12,0.005871,926869,92.7525,0.0734748010610079,0.1126289126108196,1.9218,9.7447,0.8108,3.6391,1.7364206048742017,4.2557508
2020-02-27,S2A_MSIL2A_20200227T071841_R006_T38RQS_20200928T164437,2.12,1.487566,927359,92.7525,0.0699853049228508,0.0972632588755598,0.9787,4.2154,0.197,2.7415,0.2003694878712832,2.837268
2020-08-28,S2A_MSIL2A_20200828T072621_R049_T38RQS_20200907T125359,2.12,0.011932,927213,92.7525,0.0657004830917874,0.0879270186335403,0.799,3.0806,0.228,1.7768,0.1013917890432999,2.2664124
2021-08-30,S2A_MSIL2A_20210830T071621_R006_T38RQS_20210830T163257,3.0,0.068173,926943,92.7525,0.0600378190986447,0.0771649733913885,0.9096,2.0611,0.3587,1.326,0.1477768081804558,3.769416
2022-03-26,S2B_MSIL2A_20220326T072609_R049_T38RQS_20220326T182532,4.0,0.001427,927063,92.7525,0.090386994168581,0.1310168852162859,2.1367,30.1702,0.9539,6.2168,0.6474934827510056,2.2798944
2022-10-22,S2B_MSIL2A_20221022T072939_R049_T38RQS_20221023T050122,4.0,0.001421,927501,92.7525,0.0712609970674487,0.0995951417004049,1.806,4.5723,0.8677,2.9834,0.3686660628819307,2.8827036
2023-02-24,S2A_MSIL2A_20230224T072911_R049_T38RQS_20230226T040802,4.0,0.000849,927414,92.7525,0.1039987100935181,0.1788990825688074,10.7473,51.3255,2.7051,23.9412,0.9363221335121066,2.6840016
2023-08-18,S2B_MSIL2A_20230818T072619_R049_T38RQS_20230818T131536,5.09,1.380173,875762,92.7525,0.0291123130766784,0.0551355943908574,0.2136,0.981,0.048,0.4611,0.2631358334695165,3.5322588
2023-10-27,S2B_MSIL2A_20231027T073009_R049_T38RQS_20231027T102716,5.09,0.000431,927525,92.7525,0.0654085745694393,0.0995882655687082,1.3516,4.577,0.4681,3.1068,0.1950240023945106,3.4254108
2023-11-11,S2A_MSIL2A_20231111T073131_R049_T38RQT_20231111T111331,5.09,0.044187,927525,92.7525,0.0625635808748727,0.0959378505735807,1.1163,4.0172,0.4249,2.6742,0.375735898512501,4.5509436
2024-01-30,S2A_MSIL2A_20240130T073141_R049_T38RQT_20240130T110857,5.1,1.124306,920927,92.7525,0.0785507246376811,0.1289561282733473,2.3447,19.6572,0.8629,7.7329,0.8780390983137472,3.1173156
2019-06-25,S2A_MSIL2A_20190625T072621_R049_T38RQS_20201006T060532,2.12,0.016255,926615,92.7525,0.0672597864768683,0.1002338790511193,2.2493,4.6527,1.0985,3.2013,1.542603647587349,4.5447696
2019-10-10,S2A_MSIL2A_20191010T071821_R006_T38RQS_20201004T003747,02.12,0.120342,923995,92.7525,0.06141605578401574,0.11747951005595027,3.2169,5.9199,1.7892,4.1103,0.0693188761826642,3.1118472
2021-02-19,S2B_MSIL2A_20210219T072939_R049_T38RQS_20210219T204858,02.12,0.185916,927109,92.7525,0.09491389667601126,0.1560346229152391,6.0939,41.3337,1.002,23.085,1.7831504940421168,6.6395196
2024-02-14,S2B_MSIL2A_20240214T073009_R049_T38RQS_20240214T101702,05.10,1.337408,927525,92.7525,0.06673003802281362,0.1029996546614507,0.7262,5.6973,0.2922,2.0677,0.4928192739553592,3.8797668
2020-05-30,S2A_MSIL2A_20200530T072621_R049_T38RQS_20200911T115330,02.12,0.015122,926279,92.7525,0.05806156659555009,0.07546583850931679,0.3692,1.7472,0.1012,0.8978,0.5119595606625128,1.8066636
2021-11-28,S2A_MSIL2A_20211128T072241_R006_T38RQS_20211129T050944,03.00,0.071792,925489,92.7525,0.07240069631270771,0.097147495769794,1.4194,3.8956,0.7266,2.3869,0.2141642891016641,4.9818132
2022-08-05,S2A_MSIL2A_20220805T071631_R006_T38RQS_20220805T230454,04.00,0.002423,926193,92.7525,0.05887286145588736,0.08865573322773129,1.5456,3.4267,0.8159,2.3023,0.5166153060777664,2.1802284
2019-12-29,S2A_MSIL2A_20191229T072311_R006_T38RQS_20201003T105235,02.12,0.078353,925939,92.7525,0.06473906911142452,0.10227272727272729,1.877,4.8802,0.5171,3.5164,0.2550313877466677,3.9601296
