image,date,cls,L3,L5,L7,L11,L21,L31,L61,L121,L241
63,2018-12-14,vegetation,2127.899099282862,1475.0204672251077,1122.1382069069696,762.4377584716511,412.5234537808795,274.3672916043319,98.95609228718457,34.78781868500932,9.042920845487727
63,2018-12-14,contamination,11.545470812827606,10.14988207481147,9.235366014186367,8.045888294634699,6.385085651213923,5.4377464286306,4.018972197575319,2.87327638477539,1.8493334517690174
62,2019-01-31,vegetation,394.66894586004406,321.07305558884866,274.88043556778564,214.30505743645216,133.16517644031964,95.17504183447191,46.73675337508603,23.841375734911242,9.308448486253228
62,2019-01-31,contamination,33.011481697115656,28.970946734627674,26.15338609921422,22.165830480658574,16.199767556142465,12.479066441807728,7.2366708578157715,4.21942979474804,2.122511219056113
61,2019-02-24,vegetation,161.50523922261425,132.45947666081216,112.0154672006394,87.58654677127876,56.94496910505793,43.03219649452734,26.65789917540572,17.3151986632846,7.68908586758625
61,2019-02-24,contamination,32.37651786649447,28.229108486715308,25.29925424589126,21.17039330345602,15.10615217240334,11.459636762036412,6.5666267687480095,3.69337887203804,1.8669790533255866
60,2019-03-19,vegetation,533.3876399944894,363.56657595307513,266.33659135110656,161.09427966101694,71.96257228543301,45.00630701021535,23.13970020477493,13.64035732468914,6.428876201133249
60,2019-03-19,contamination,36.18225316258905,29.74005882809156,25.25492641137418,19.578553028611957,12.6970632738495,9.344900782897904,5.1164909189742405,2.9594294913141312,1.596809140808436
59,2019-04-21,vegetation,82.2760126998115,68.67959411845054,59.77286123057314,48.48802657150211,34.7584980652241,27.493949156744552,18.969969161635174,11.46340401830354,4.998470306345778
59,2019-04-21,contamination,34.39816083451971,28.628235597059078,24.925589036502654,20.18060566237655,14.248291143445392,10.79079706586005,6.543421639157916,3.4758693152065248,1.5903162663384964
58,2019-05-26,vegetation,326.45728658081606,253.44559493985517,205.1359954344632,147.97490149421614,86.48377044475272,61.10524619328322,36.33315092506007,20.16974796156508,8.247410504547801
58,2019-05-26,contamination,44.066520314312164,36.93955299316358,32.050973500654656,25.475543125595536,17.335427251739674,13.025961433460733,7.146897273236536,3.4900871774958975,1.5158540442695874
57,2019-06-25,vegetation,95.91874774276727,81.61592207520496,72.4715989870566,60.56267266130222,46.07500581349192,37.79324692315291,27.492567302227094,16.253223959556706,6.919363393247864
57,2019-06-25,contamination,31.854073675026246,26.202518005367306,22.450004180200807,17.503866992595903,11.580247753550218,8.534127102801797,4.957793675871856,2.740182484012819,1.5352089430443308
56,2019-07-30,vegetation,626.3882608505959,436.91164792878664,326.2572843063678,208.33516980775724,93.25214491172386,55.375228444934365,27.759908896085886,14.256512512365564,6.147066312584997
56,2019-07-30,contamination,41.730949163411324,34.14047218544021,28.82790649616141,22.006370024215954,14.208624761935639,10.366683602877774,5.389415874119474,2.723183894341705,1.479642091522075
55,2019-08-29,vegetation,425.1622908538294,304.037864764884,235.88699825756055,158.1930674147207,81.50239256896228,52.57091174996799,28.9417102348599,14.599541065578018,6.118870209460498
55,2019-08-29,contamination,43.264021722224946,34.99512161128083,29.463534397555577,22.095308773420797,13.951070128140474,10.006780090907041,5.168150935403789,2.7229796636915538,1.5652756413175792
53,2019-10-10,vegetation,1285.145090477092,832.8115738813734,571.6267114327625,335.2079471033978,122.8414499109022,67.89518325836316,25.546865249407166,11.651157822065532,5.2139058824784374
53,2019-10-10,contamination,45.40140572713639,36.019434012967416,29.84742439448077,22.1900528256702,13.812858760804064,9.813723587999547,5.016164673268909,2.6437761879731454,1.4645365292807944
52,2019-11-22,vegetation,529.4828184874256,361.1804799169675,268.62044637483757,166.2900114058705,71.88426621404608,46.18194845429362,23.43804107623506,12.478894422234326,5.900920210333791
52,2019-11-22,contamination,30.460616479498825,24.509871921923153,20.547678289579146,15.683978760251186,10.125715462068445,7.491010134647214,4.331207204606537,2.5454095875567955,1.5588872235849747
51,2019-12-29,vegetation,437.0243566224287,317.81998746100834,244.2019872757542,162.00294833096592,75.55400118610346,48.337281776570116,23.617176467851273,11.297802883900697,5.842524630461039
51,2019-12-29,contamination,36.89692353552802,30.169995175949257,25.637733992734063,19.72334976462633,12.477365521261369,8.941372539530857,4.7158855749139725,2.7955827181650275,1.6817946580763157
50,2020-01-28,vegetation,494.9314479781921,346.6058325014903,257.81034768365157,159.39540427092624,70.53324452551941,42.781193762004364,21.40292609266629,11.094919344380656,5.616675556077503
50,2020-01-28,contamination,24.599826177259033,19.56760646990914,16.448690260183625,12.607239313451794,8.262784474951328,6.157340865539373,3.7227017021231066,2.4827370782112834,1.672371071524782
49,2020-02-27,vegetation,516.7644024174726,356.9970514816601,264.28371439914997,158.28181583884773,69.02395335911666,42.010138860016355,20.475767712294783,10.645534927621336,5.253201434239504
49,2020-02-27,contamination,52.45433943124315,42.62550933254077,36.02598222079806,27.544293418244944,17.11739161675197,12.01570571623448,5.826573592222112,3.086687977706579,1.6238485280972221
48,2020-03-21,vegetation,250.11187239342195,199.96693254113256,167.3889493060767,128.05179512368906,78.57788042963605,57.77885716754925,30.973737885047047,15.799196462861946,7.119863746577533
48,2020-03-21,contamination,51.164958859437,41.05183356585489,34.251796560267465,25.30481410185205,15.388117833067778,10.755818058158525,5.400464410077609,2.8216705172051624,1.5090275488749716
47,2020-04-27,vegetation,926.222535390457,583.7595856376747,409.1941100847336,234.56342352804333,88.37695263814288,52.94030126449509,22.525163271584443,11.446658558560927,5.815954107167884
47,2020-04-27,contamination,52.242917553021655,39.66266022233289,31.605798397980795,22.10320757528134,12.543152891742617,8.657198286292576,4.287994425711462,2.3579669318773147,1.3717370815264212
46,2020-05-30,vegetation,247.9514799643218,193.50482174534108,159.4615095806613,118.71208108075307,70.18899853326894,51.432924526221306,29.675157867225384,16.297184867643047,7.237589008171073
46,2020-05-30,contamination,74.93844268148305,56.90731650289573,46.08327715198007,33.39924627925366,19.914686563227608,13.683170693040879,6.393326698570563,2.977445930371772,1.4824276952179982
44,2020-07-31,vegetation,2710.085934178372,1763.7759182101468,1234.4517668005847,737.4562830135096,282.0520890041378,132.91794285714283,42.27798150510205,11.931094464551247,4.167591952236231
44,2020-07-31,contamination,57.06632747062731,41.248464546986874,32.48257076605114,22.333924335927467,12.444386952197863,8.345555096297383,4.1791249689919265,2.3030197384736484,1.3973882821353125
43,2020-08-28,vegetation,992.4958820879215,654.8253004250508,465.242907751932,253.99851801274036,100.54892616340582,57.7220093909407,25.24827869559559,12.82587981784972,6.2242122051668565
43,2020-08-28,contamination,57.781123687686964,43.995140959978954,35.44720269756922,24.992142729006023,14.43898240923397,10.08371771206794,5.1157228162770805,2.6933442965913796,1.4833467266058085
42,2020-09-27,vegetation,2792.7644814429414,1623.1485738612175,1138.3627568204015,571.8561742630836,217.319517851633,94.78352901569666,28.088155759870205,9.093674703732235,2.994017036235803
42,2020-09-27,contamination,57.66215977667616,43.944945754604205,35.63855768713237,25.700813766115537,15.546676186954528,10.975908196977404,5.522895542254026,2.874763062270395,1.5113446018673748
41,2020-10-22,vegetation,304.77348641177696,230.32155402403995,181.51537658875318,126.58324709987414,65.40112079959802,43.80801943076021,23.443765264877502,12.682109693444907,6.347141436384834
41,2020-10-22,contamination,64.16702172895316,48.07252762437863,38.409496702290205,27.5554335051401,16.452683698218713,11.542580018430574,5.689085619173999,2.7616697421429244,1.4187459827010662
40,2020-11-23,vegetation,412.99165902874597,299.2269457198167,231.59921142603864,156.7708387795825,80.3688087373795,51.310118658941136,27.669282265534203,16.039104686715554,7.475478967097044
40,2020-11-23,contamination,37.2868311064136,29.153003270901547,24.22624249854599,18.3050394853206,12.018138325673767,8.902141668639253,5.125711921063528,2.9929290338101966,1.638076517324762
39,2020-12-26,vegetation,254.0614026620667,193.90273974998007,159.2490801828118,116.99190314618282,71.14535777311886,52.52516446963775,33.56447698457054,17.727190214797982,7.033936036057891
39,2020-12-26,contamination,13.489482511224697,11.254593784948243,9.85206538702495,8.091620509580853,5.962460371733389,4.891472132139423,3.529938675557333,2.573351314901795,1.7879621183377894
38,2021-01-30,vegetation,185.12997146274648,151.62675256450578,128.23998492271176,100.4971369222712,64.49625466621512,47.07614677961981,29.23246762160861,16.992467613999303,7.175383337456661
38,2021-01-30,contamination,38.43107930470174,31.165695233540006,26.41740498554404,20.29578599340804,13.030931723984084,9.186989274923022,5.081775505063538,2.924066728729023,1.55410050976317
37,2021-02-19,vegetation,80.33311135703897,67.39182745832605,58.717505588020266,47.65507806320732,34.209762229487445,27.609366951342377,18.630363200086432,11.778263265684004,5.624980722334228
37,2021-02-19,contamination,22.177541149777717,18.5876830760808,16.26914095940461,13.221467199635956,9.470846699297088,7.394545076639468,4.7542085770060005,2.962912797620428,1.7739665155453324
36,2021-03-26,vegetation,1166.275022627259,768.0266950898655,556.5358627218937,343.80285766352335,142.81235534233895,80.18585118420236,27.805060609344196,12.42435542118082,6.001392754950991
36,2021-03-26,contamination,80.07279579451526,64.21207158950588,52.99842084250603,38.72930883035972,21.895758152324824,14.483308384629312,6.5909617169029096,3.0882598633826484,1.5326998040173527
35,2021-04-05,vegetation,158.05309917042555,127.30018697446765,108.28890920481281,83.32790582134022,54.65226904543647,39.97338185043893,24.320081097751014,14.366118844924944,6.577046323017502
35,2021-04-05,contamination,59.962576347767666,45.31858529569902,37.01430628537068,27.23062004395094,16.19342180580619,11.056100654390942,5.406203225035089,2.9820674893380756,1.5528373581017103
34,2021-05-27,vegetation,1987.4503478877125,1147.7665747380033,783.483539542545,425.3539840400129,181.1469269731608,90.78135267295863,32.076605804536996,13.806397306397306,4.847235653756002
34,2021-05-27,contamination,42.339838893011745,31.492215077274,25.328250912682613,18.04989224579751,10.943679596406188,7.767686746780872,4.1117395496248905,2.3352300176381293,1.4156080884896383
33,2021-06-26,vegetation,2046.3971363339472,1530.3003537657867,1194.9132231349192,823.4876647496861,391.0833191449842,231.39863642939815,91.83865677242378,23.02137111952407,6.247040380951923
33,2021-06-26,contamination,36.016972742564164,26.941750142401844,21.685828915298035,15.768340156526378,9.456174294428667,6.856559221979189,3.7655368676467336,2.2458706994627153,1.442305653918724
32,2021-07-24,vegetation,265.71559092609596,203.30105887644848,166.4492251129097,123.18403236674581,71.070998221082,47.231767561213864,23.44536056306715,12.117252779069583,5.4982829355222576
32,2021-07-24,contamination,61.52239588228456,45.526237333323415,35.776124630368265,25.019325425201625,14.150279507007479,9.795238846203745,4.846647847322894,2.5143845189002083,1.3926789556271468
31,2021-08-30,vegetation,696.4344247385658,473.77708695993095,355.5280735538015,215.70038985582008,98.34428533203514,61.04071415693421,23.15792843520443,9.504223317372107,3.902684068279718
31,2021-08-30,contamination,30.184191966070323,21.6331022493243,17.148086051324302,12.333276632198423,7.4026325305196226,5.420969928715065,3.151686014247554,1.9898809466028298,1.4011743009579642
30,2021-09-29,vegetation,1529.2018242193544,913.0630745050347,614.7744509292694,367.5719726432788,133.42068639053255,76.02608572964259,24.56604494450459,10.136135204081633,4.85426254657024
30,2021-09-29,contamination,34.82756837705647,26.15092517514856,21.096935280062997,15.331069290319403,9.56376658516327,6.9348831141872616,3.781444994111629,2.1991158702688662,1.3642745057730385
29,2021-10-22,vegetation,618.83727937892,435.9120076095267,336.39993883591256,224.02539718959792,106.08010337284476,65.76035474609303,26.812278342559907,13.419459661217903,7.02424634991772
29,2021-10-22,contamination,67.77501271455527,51.189745942861144,41.34345276061685,30.054604470087323,18.01409110083823,12.339190476351343,5.948477142153708,2.926565779150317,1.4834221783444728
28,2021-11-28,vegetation,528.9540786686371,392.36850574879446,315.5118898207204,221.1688024222815,117.59053510283837,74.4800833738622,31.934946282959036,14.69055021895182,7.140057101290598
28,2021-11-28,contamination,26.902488381596918,21.211116160859582,17.872227857172213,13.864444657521512,9.303968857408567,6.984038722352541,4.188480954106218,2.6479126905788624,1.6626423296253454
27,2021-12-23,vegetation,338.0202719238417,266.8423570404864,221.36342674170112,166.20151950165842,95.27813025034033,62.077276179269916,29.277606162534095,13.506327849466341,6.898127308071365
27,2021-12-23,contamination,30.592503312457453,24.56543521440916,20.78212145322926,16.10549500041597,10.867518360233092,8.134390785289995,4.8625993598826485,2.8369725647359445,1.6382077303390563
26,2022-01-25,vegetation,315.6263109947708,256.0041851756524,220.22063628060062,169.72304905776457,108.04149816192604,75.21971382384254,36.0401333091146,19.508879240767207,8.096092422597685
26,2022-01-25,contamination,34.19539565664397,27.498429597509006,23.523487422505067,18.34156712305493,12.071660512466515,8.814683617839977,4.963719394582683,3.1212596062675395,1.8547458557518648
25,2022-02-21,vegetation,192.40386404975592,158.16103106882193,136.3599085326117,107.41111677692842,70.79975638075987,50.5177275364227,26.312510816114067,14.726487894365178,6.593135889336268
25,2022-02-21,contamination,38.26427409827801,29.06007529123938,23.49250342493186,17.068550141880433,10.311818494690437,7.3693379890247535,4.053800924740699,2.497769317546336,1.4857660199411926
24,2022-03-26,vegetation,208.42346163466704,169.86140376999668,143.41192351544223,110.9651328250169,72.16692017247965,51.02162350573664,25.900832192659436,14.024583990319663,6.484288076689439
24,2022-03-26,contamination,57.662572706556084,42.55824292467938,33.47601323042265,23.2428994422894,13.1511765503166,9.182136875558506,4.681405975687079,2.635747259268977,1.4721588774504264
23,2022-04-17,vegetation,2045.1905829475866,1133.7852876518534,713.5018209965134,401.9860988358881,154.11881709984394,78.12293623794513,23.333347255170562,8.547878787878787,3.852319804447549
23,2022-04-17,contamination,56.48075966968391,44.229184940451404,36.27631831589531,26.673929624160596,15.804474525795921,10.891239593315953,5.2713095703125,2.643597369552044,1.4115031153292041
22,2022-05-20,vegetation,658.6712048442627,493.6793849402895,386.2786832111948,273.66162579563917,129.12977278327938,77.42997016702266,30.33687531487237,14.306668033516885,7.295856722816777
22,2022-05-20,contamination,93.40584858775307,68.41210648018271,53.54160135299437,36.624856445110595,20.028507987482623,13.108431065644563,6.232337888384485,2.948215586998337,1.566692036796998
21,2022-06-21,vegetation,1050.5721543471625,692.97068701454,535.9851289294214,342.2945330921911,137.50947674212628,70.99332799546086,23.57918668252081,9.266085290743652,4.269021576713884
21,2022-06-21,contamination,16.652110947765152,12.569289192168913,10.35698027366275,7.877357563888301,5.3044417161289745,4.195928406042512,2.8905643773833054,2.04901240697618,1.4938151602362846
20,2022-07-19,vegetation,511.4980732828557,386.97688769338885,306.95102247679506,211.7654424907586,101.0041630602316,62.35991685892114,25.81165714699793,12.582554132016261,6.118827555693232
20,2022-07-19,contamination,40.56820106654539,30.332518693570538,24.263765173536232,17.49731661502297,10.396536997682972,7.361694078811957,3.8957799217265787,2.220626964813613,1.4928902585509904
19,2022-08-05,vegetation,262.0684812721525,212.31221146164776,178.98566886195724,136.0584962710601,85.48507240341942,59.63111386014481,28.970561581328145,15.901385385832981,7.397511436097437
19,2022-08-05,contamination,60.413629959625425,45.98879863193272,37.51036132296504,27.683252553197466,17.023780985738085,11.881164657732558,5.740242572724582,3.0226861723659852,1.587722141832481
18,2022-09-27,vegetation,321.8076629992721,255.27780467166764,213.2876680506274,157.5673984300852,90.29414633695552,59.16505021551593,27.597519304303706,13.53870820085985,6.406319780148502
18,2022-09-27,contamination,56.50198354639771,41.90114315465427,33.00955905321465,22.282914251133786,12.430533231223711,8.62675071359558,4.415722914692147,2.3964214396683463,1.43014070580742
17,2022-10-22,vegetation,350.135498667344,278.0346448221192,234.52905230364001,176.6399964693443,103.02750889150337,68.02728602661614,32.239053209994964,15.711053134345407,7.551231878744993
17,2022-10-22,contamination,44.29627171131689,33.34430690532412,26.95483476878391,18.989766652510266,11.367712785975515,8.048761726319864,4.27148808738717,2.546302108469919,1.5363728227418672
16,2022-11-21,vegetation,263.2464946353248,213.62950725898236,183.21057476582362,139.68682107065055,87.46581141882002,61.2367805523587,29.861335138641547,14.614317524350191,7.445008387543252
16,2022-11-21,contamination,27.78010834560553,22.112437560409223,18.6098579251113,14.342979358555445,9.771496044507028,7.409937343253781,4.563765786071587,2.9145149793403697,1.6868096960670282
15,2022-12-21,vegetation,243.30628033772413,200.60541272083248,172.80767641066876,136.93210299777593,91.18257110264476,67.1585191624048,34.43568772889533,16.765432223390775,7.794879666224416
15,2022-12-21,contamination,18.673651516162135,15.312015563883104,13.262988210034845,10.777367831637113,7.8840610342227295,6.386444640304666,4.3749648743052445,2.8654752902249405,1.7641496271699877
14,2023-01-20,vegetation,160.06978434903047,135.10999313924623,119.44999870421117,99.03923244378254,72.67475836754559,59.150900649575,34.82506694689407,17.12455984613357,7.1264305201247184
14,2023-01-20,contamination,13.876220333312672,11.734402675291632,10.401528015276865,8.773868783940534,6.652142196925685,5.496100291263334,3.8877061622437825,2.7356514154363216,1.8996477307557043
13,2023-02-24,vegetation,145.7257344054201,120.01603528015946,103.29086249022023,82.95895655317868,58.07574952284412,44.915170520388976,27.16822674325362,14.533937700902309,6.5381922936757135
13,2023-02-24,contamination,50.525117445369865,38.9072464683411,32.170305919646005,23.91241535470916,14.333659533801889,10.117781188759643,5.535635331222662,3.1569505302612026,1.6616300820267735
12,2023-03-01,vegetation,215.85444091760098,171.77811838105342,142.92772046534594,108.98181293295828,69.36524375533206,49.801586701586615,28.380054769424916,15.06621780158841,6.811157866259153
12,2023-03-01,contamination,28.84852169516345,23.514612370763942,20.274862886747833,16.355229816781225,11.540112791998673,8.97981609968567,5.653822062456426,3.3463211139710403,1.829733157653219
11,2023-04-02,vegetation,245.67040522073913,195.15218541294718,162.2047221622401,123.09637453283302,78.96844044962225,57.06077802608338,33.279877899185855,16.368560913069157,6.5627492591900785
11,2023-04-02,contamination,28.768755118457346,23.417208757724687,20.14595325430145,16.00597281021736,10.840932889152743,8.313551629067302,4.994917824162483,2.999625844727513,1.7376682141736441
10,2023-05-17,vegetation,745.1397729387677,503.2648789490963,381.99127486282595,243.28530876059042,108.33441603521045,65.2058748904799,25.77980308664009,11.482691226765704,5.958696130493256
10,2023-05-17,contamination,28.08607288590091,21.685822288331277,17.975392369719682,13.416925177766418,8.477174538850916,6.174623842065557,3.503600389841044,2.0958750724921655,1.3919863551372833
7,2023-08-18,vegetation,416.7393352687519,299.3480111729735,230.0087760277475,153.94345938010107,77.52237450074401,54.727198919481154,25.90981416230649,13.859867177012823,6.968273247134412
7,2023-08-18,contamination,34.56436212551494,25.64261581133455,20.519106537807264,14.61825890194054,8.728064001501503,6.385915819692808,3.7345676798437295,2.3072153829196527,1.5734710065299131
6,2023-09-27,vegetation,584.9982273163939,416.05553828229375,315.001019187386,209.85643202777115,96.92497697801127,64.32028390066964,29.24322953273681,15.474955143256011,7.508318730420857
6,2023-09-27,contamination,26.954036282908447,20.944326867096425,17.251980018267147,12.920135684000297,8.262378857260565,6.189638394621802,3.781065061198206,2.441647985052014,1.6471576735652702
5,2023-10-27,vegetation,559.2052512892783,399.5704084428567,304.04590901222866,204.49652557291597,98.84420835201276,67.46757356188976,29.98042646143167,15.087580279210474,7.460354854920918
5,2023-10-27,contamination,38.933353444809285,29.976880843720547,24.371123758794464,17.7163419421104,10.982850718733927,7.947381501461952,4.345619517922484,2.4834297729358874,1.5143028871031778
4,2023-11-11,vegetation,327.3826552447557,257.47021729062686,213.82965813386386,160.0122520584042,96.17255901241369,70.71614313793502,33.450923412117106,16.05889277715793,7.738584176085663
4,2023-11-11,contamination,28.87981104694927,22.690945849241057,18.95699623037396,14.541771998170857,9.559555800010315,7.202950527923738,4.352737689868177,2.756148478526189,1.7501504222791189
3,2023-12-16,vegetation,182.5933626976632,154.5240346216822,135.73085474028258,112.69781319467553,79.6409879020668,62.3908077542856,32.51221187852348,15.766460253105054,7.264053534230286
3,2023-12-16,contamination,30.506448927328645,24.15293257866061,20.208311923808864,15.483992273906102,10.085240614401846,7.511163095405033,4.39459456315179,2.6786405975606598,1.6606129214238274
2,2024-01-30,vegetation,153.23452473413548,128.92965482292857,113.98678090672722,95.29274184527522,70.42645472844748,56.63195718181766,31.057249114152448,14.308693685306864,6.5107560653555785
2,2024-01-30,contamination,41.543863942536355,32.102833750584765,26.676180068401845,20.313759646259214,13.130647748468425,9.554307863284684,5.038310263545462,2.8086466242396657,1.635644738847885
1,2024-02-14,vegetation,259.7294264316249,211.58113929415097,181.991373240179,145.71374409355946,100.33996780515827,75.20993265553447,36.87951998743296,16.845574566104702,7.487331004315653
1,2024-02-14,contamination,34.16330197973888,26.760578129985017,22.378851502191154,17.095763524416896,11.104129414960498,8.182551718114592,4.5247603773568805,2.696696427345477,1.6952873102231445
